loan_id,origination_date,original_balance,current_balance,interest_rate,original_term_months,loan_age_months,remaining_term_months,fico_score,ltv_pct,dti_pct,property_state,property_type,occupancy,servicing_fee_rate,delinquency_days,loan_status
LN000001,2023-07-07,486400.0,451909.64,6.44,360,26,334,712.0,72.4,37.9,CA,Single Family,Primary,0.0025,0,Current
LN000002,2026-01-26,548300.0,380046.3,6.214,180,69,111,752.0,78.7,50.7,WA,Single Family,Primary,0.0025,0,Current
LN000003,2020-02-25,275200.0,243727.48,7.079,360,42,318,580.0,79.2,21.5,NC,Townhome,Investment,0.0025,0,Current
LN000004,2025-10-29,462400.0,422332.15,6.764,360,32,328,701.0,75.0,35.8,GA,Condo,Primary,0.0025,30,30 DPD
LN000005,2021-05-28,435900.0,303414.81,6.763,180,60,120,700.0,88.5,34.3,TX,Townhome,Primary,0.0025,0,Current
LN000006,2019-05-16,566400.0,458369.93,6.421,180,34,146,807.0,74.3,31.3,TX,Condo,Primary,0.00275,0,Current
LN000007,2022-08-17,603000.0,569933.7,5.625,360,25,335,747.0,70.5,34.4,CO,Condo,Primary,0.0025,0,Current
LN000008,2023-06-21,156100.0,144019.89,6.461,360,30,330,752.0,47.5,30.7,TN,Townhome,Primary,0.0025,0,Current
LN000009,2019-02-02,487000.0,405607.96,6.292,360,68,292,749.0,67.2,44.9,GA,Single Family,Primary,0.0025,0,Current
LN000010,2023-11-26,175900.0,158337.27,5.51,360,41,319,727.0,61.5,45.7,NC,Single Family,Primary,0.0025,0,Current
LN000011,2019-10-05,424400.0,417585.58,7.036,360,7,353,809.0,75.6,35.7,CO,Single Family,Primary,0.0025,0,Current
LN000012,2024-12-20,293800.0,274812.8,6.966,360,27,333,598.0,62.2,33.9,WA,2-4 Unit,Primary,0.0025,0,Current
LN000013,2021-01-19,303400.0,289552.02,5.506,360,21,339,733.0,82.7,31.1,VA,Townhome,Investment,0.0025,0,Current
LN000014,2024-12-13,326500.0,300671.08,5.835,240,23,217,787.0,88.2,35.7,TX,Single Family,Primary,0.0025,0,Current
LN000015,2025-07-20,460600.0,397825.62,5.893,360,59,301,621.0,75.7,49.8,TX,Condo,Primary,0.0025,0,Current
LN000016,2019-01-17,317000.0,287222.24,6.646,360,35,325,771.0,65.2,34.2,TX,Townhome,Primary,0.0025,0,Current
LN000017,2022-11-02,516300.0,406648.62,6.572,180,50,130,683.0,79.2,28.3,CA,Single Family,Primary,0.0025,90,90 DPD
LN000018,2021-03-28,352300.0,330096.7,6.279,360,24,336,,96.8,31.8,AZ,Single Family,Investment,0.0025,0,Current
LN000019,2024-10-08,184200.0,159762.42,6.428,240,39,201,682.0,93.4,41.0,FL,Townhome,Primary,0.0025,0,Current
LN000020,2023-07-19,541900.0,520913.34,5.413,360,18,342,778.0,60.5,29.3,CA,Single Family,Primary,0.0025,0,Current
LN000021,2020-04-11,292900.0,260085.76,6.498,360,48,312,709.0,60.1,34.7,GA,Condo,Investment,0.0025,0,Current
LN000022,2020-09-19,366400.0,310664.55,6.184,360,67,293,772.0,57.3,38.8,TX,Single Family,Primary,0.0025,0,Current
LN000023,2025-09-04,492700.0,458865.93,5.809,360,27,333,749.0,63.5,29.9,CA,Townhome,Investment,0.003,0,Current
LN000024,2022-04-25,316200.0,273283.64,5.254,360,57,303,681.0,78.8,20.9,CA,2-4 Unit,Primary,0.0025,0,Current
LN000025,2025-12-20,178300.0,148945.63,6.268,360,57,303,753.0,69.9,26.4,FL,Townhome,Primary,0.0025,0,Current
LN000026,2020-08-22,337000.0,297120.11,6.482,360,41,319,689.0,66.8,28.1,VA,Single Family,Primary,0.0025,30,30 DPD
LN000027,2023-10-05,622200.0,585568.41,5.143,360,24,336,729.0,87.4,33.2,TX,Townhome,Primary,0.0025,0,Current
LN000028,2022-10-16,470900.0,415298.97,6.262,360,43,317,708.0,81.8,35.4,AZ,Townhome,Investment,0.003,0,Current
LN000029,2024-01-21,485700.0,422630.78,6.329,360,62,298,774.0,57.2,41.6,GA,Single Family,Primary,0.0025,90,90 DPD
LN000030,2024-01-30,466100.0,436504.48,5.89,360,25,335,755.0,86.8,25.2,CO,Townhome,Primary,0.0025,0,Current
LN000031,2025-11-01,249500.0,240059.3,6.497,360,14,346,723.0,81.6,40.4,GA,Single Family,Primary,0.0025,0,Current
LN000032,2024-03-02,359200.0,299017.9,6.164,180,37,143,687.0,81.8,32.0,TX,Single Family,Primary,0.0025,0,Current
LN000033,2020-11-10,525500.0,505311.56,6.434,180,9,171,655.0,69.7,20.7,CO,Single Family,Primary,0.0025,0,Current
LN000034,2024-01-10,200700.0,176268.87,6.597,360,55,305,732.0,73.9,35.1,WA,Single Family,Investment,0.0025,0,Current
LN000035,2024-12-17,288900.0,281817.5,6.598,360,10,350,690.0,54.3,45.5,WA,Single Family,Primary,0.0025,0,Current
LN000036,2019-05-29,288200.0,270149.24,6.911,360,25,335,622.0,85.5,42.1,VA,Condo,Primary,0.0025,0,Current
LN000037,2023-02-04,366000.0,310643.79,6.47,240,42,198,652.0,65.0,34.4,CA,Single Family,Primary,0.0025,0,Current
LN000038,2021-03-28,640200.0,597851.15,5.94,360,27,333,814.0,66.4,44.0,CO,Condo,Primary,0.00275,0,Current
LN000039,2023-10-11,183800.0,155138.72,5.829,360,63,297,689.0,66.3,36.5,NC,Single Family,Primary,0.0025,0,Current
LN000040,2023-07-05,409400.0,354744.28,5.559,360,49,311,785.0,95.8,42.8,FL,Single Family,Primary,0.0025,0,Current
LN000041,2025-12-22,239700.0,219404.51,6.348,360,39,321,705.0,68.6,21.7,TX,Single Family,Second Home,0.0025,0,Current
LN000042,2023-07-31,635300.0,553960.07,7.109,360,47,313,793.0,86.4,25.0,FL,Townhome,Primary,0.0025,0,Current
LN000043,2022-10-10,206700.0,199010.63,6.017,360,14,346,789.0,,40.8,CO,Single Family,Primary,0.0025,0,Current
LN000044,2024-04-23,351800.0,340395.84,6.542,360,12,348,680.0,66.9,47.3,TN,Condo,Primary,0.0025,0,Current
LN000045,2020-10-19,518900.0,485332.69,5.761,360,24,336,616.0,64.9,38.3,TX,Townhome,Investment,0.00275,90,90 DPD
LN000046,2021-11-19,502300.0,457536.15,6.377,360,36,324,620.0,69.1,31.0,GA,Single Family,Primary,0.0025,0,Current
LN000047,2020-07-30,361400.0,328736.67,7.069,360,40,320,681.0,75.2,28.2,CA,Single Family,Primary,0.0025,0,Current
LN000048,2020-12-23,323300.0,272576.66,6.696,360,62,298,820.0,82.6,32.5,AZ,Single Family,Primary,0.00275,0,Current
LN000049,2025-03-19,348800.0,282462.07,5.229,360,66,294,702.0,70.8,44.7,AZ,Townhome,Primary,0.0025,0,Current
LN000050,2023-06-30,282100.0,242892.71,6.621,240,36,204,733.0,70.4,32.3,TX,Single Family,Primary,0.0025,0,Current
LN000051,2020-11-14,252700.0,222030.49,6.651,360,58,302,797.0,66.3,43.4,WA,Townhome,Primary,0.00275,90,90 DPD
LN000052,2021-01-11,391500.0,360601.09,6.363,360,37,323,731.0,62.9,40.2,VA,Single Family,Primary,0.0025,0,Current
LN000053,2025-09-14,284300.0,225546.25,6.684,360,71,289,729.0,61.9,48.7,WA,Townhome,Primary,0.0025,0,Current
LN000054,2024-08-07,293700.0,253413.03,5.708,360,64,296,759.0,86.9,36.6,TN,Townhome,Investment,0.0025,0,Current
LN000055,2023-06-16,478400.0,463174.65,6.291,360,15,345,741.0,70.2,34.6,GA,2-4 Unit,Second Home,0.0025,0,Current
LN000056,2026-01-03,634300.0,623743.57,6.972,360,7,353,720.0,71.2,43.8,WA,Single Family,Primary,0.0025,0,Current
LN000057,2024-11-05,451800.0,359059.95,6.913,360,71,289,685.0,68.7,27.5,CO,Condo,Primary,0.0025,0,Current
LN000058,2023-01-28,188500.0,159720.15,6.606,360,65,295,729.0,72.5,31.4,TX,Single Family,Primary,0.0025,0,Current
LN000059,2019-02-19,187800.0,172771.9,5.676,240,22,218,785.0,80.1,21.6,CO,Single Family,Primary,0.0025,0,Current
LN000060,2019-04-13,625700.0,591382.64,5.574,360,21,339,820.0,70.6,25.0,CA,Condo,Primary,0.00275,0,Current
LN000061,2020-01-03,298600.0,285410.25,6.324,360,21,339,741.0,78.0,50.4,FL,Townhome,Primary,0.0025,0,Current
LN000062,2021-07-24,196000.0,167696.63,6.368,360,51,309,767.0,91.6,40.5,CA,2-4 Unit,Primary,0.003,30,30 DPD
LN000063,2023-09-11,449500.0,399734.55,6.185,360,44,316,740.0,67.0,24.0,VA,Condo,Second Home,0.003,0,Current
LN000064,2023-12-08,461800.0,420697.8,5.727,360,36,324,720.0,71.2,44.6,CA,Single Family,Primary,0.00275,0,Current
LN000065,2022-11-21,474300.0,466330.04,6.534,360,6,354,753.0,83.1,29.4,CA,Single Family,Primary,0.003,0,Current
LN000066,2023-12-06,283700.0,264107.24,6.322,240,16,224,790.0,92.5,40.1,AZ,Condo,Second Home,0.0025,0,Current
LN000067,2025-04-24,157600.0,152416.77,6.438,240,9,231,676.0,62.3,40.0,TX,Single Family,Primary,0.00275,0,Current
LN000068,2024-06-18,632500.0,588833.43,6.636,360,31,329,645.0,57.3,48.3,VA,Single Family,Primary,0.0025,0,Current
LN000069,2024-05-21,275400.0,233547.46,6.072,360,55,305,696.0,76.0,30.7,CO,Single Family,Primary,0.0025,0,Current
LN000070,2020-01-25,488000.0,467928.79,5.932,360,17,343,737.0,74.9,29.1,WA,Single Family,Primary,0.00275,0,Current
LN000071,2022-09-28,503300.0,402435.25,6.97,360,70,290,773.0,83.7,18.0,VA,Single Family,Primary,0.0025,0,Current
LN000072,2021-02-11,455000.0,386979.49,5.758,360,52,308,671.0,82.0,34.0,TX,Single Family,Primary,0.00275,0,Current
LN000073,2020-01-29,306500.0,267763.49,5.945,360,58,302,588.0,75.6,40.8,CO,Single Family,Primary,0.00275,30,30 DPD
LN000074,2020-11-13,285500.0,279743.4,7.052,360,7,353,697.0,87.5,41.9,VA,Single Family,Investment,0.0025,0,Current
LN000075,2019-09-27,448800.0,417690.74,5.894,360,29,331,714.0,68.5,45.0,NC,2-4 Unit,Investment,0.00275,0,Current
LN000076,2019-05-29,583000.0,569243.01,6.186,360,9,351,661.0,78.3,37.3,NC,Single Family,Investment,0.0025,30,30 DPD
LN000077,2021-03-21,623400.0,591796.74,5.982,360,24,336,683.0,62.6,39.0,VA,Single Family,Primary,0.0025,0,Current
LN000078,2019-01-28,203000.0,185228.13,5.091,360,31,329,773.0,75.5,35.5,CO,Condo,Primary,0.0025,0,Current
LN000079,2025-05-16,227400.0,187215.04,6.17,240,45,195,729.0,59.9,40.7,CA,Single Family,Investment,0.0025,0,Current
LN000080,2022-04-20,622400.0,532724.87,5.593,360,55,305,744.0,63.7,27.5,TX,Townhome,Primary,0.0025,0,Current
LN000081,2019-06-15,518300.0,447766.08,6.415,360,48,312,705.0,94.8,23.7,TN,Townhome,Primary,0.0025,0,Current
LN000082,2024-08-26,591500.0,431350.64,6.969,240,72,168,684.0,55.9,28.4,GA,Single Family,Primary,0.0025,30,30 DPD
LN000083,2022-03-19,251300.0,240938.32,4.811,360,17,343,705.0,73.6,36.7,CA,Single Family,Primary,0.00275,0,Current
LN000084,2019-12-05,443800.0,354166.72,5.986,360,72,288,752.0,85.1,24.6,CO,Townhome,Investment,0.0025,0,Current
LN000085,2021-12-04,500600.0,457315.85,6.544,360,32,328,643.0,98.0,29.9,CA,Townhome,Primary,0.0025,0,Current
LN000086,2021-04-21,490100.0,323882.94,4.831,180,59,121,816.0,77.9,30.2,CA,Single Family,Primary,0.0025,0,Current
LN000087,2019-07-08,354100.0,282026.29,7.119,360,71,289,757.0,78.6,41.3,NC,Single Family,Primary,0.00275,0,Current
LN000088,2020-10-12,157700.0,-125000.0,6.497,360,54,306,696.0,76.4,40.3,GA,Single Family,Primary,0.00275,0,Current
LN000089,2019-10-21,441500.0,418730.85,6.954,360,21,339,770.0,87.6,35.6,TN,2-4 Unit,Second Home,0.0025,0,Current
LN000090,2024-02-01,276600.0,272153.22,5.883,360,7,353,792.0,80.7,38.6,FL,Single Family,Primary,0.0025,0,Current
LN000091,2022-08-15,375100.0,310882.22,5.962,360,65,295,707.0,69.7,38.8,TX,Townhome,Primary,0.00275,0,Current
LN000092,2025-09-28,628800.0,495959.73,6.145,240,59,181,713.0,88.3,32.1,NC,Condo,Investment,0.0025,0,Current
LN000093,2023-07-06,349500.0,299253.47,7.64,240,35,205,807.0,70.9,30.7,VA,Single Family,Primary,0.0025,0,Current
LN000094,2021-03-13,569900.0,516364.22,7.107,360,43,317,820.0,58.4,47.3,AZ,Single Family,Primary,0.0025,0,Current
LN000095,2020-03-06,244300.0,226722.35,6.336,360,33,327,727.0,58.5,18.0,VA,Single Family,Primary,0.0025,0,Current
LN000096,2023-02-27,486200.0,453327.34,6.415,360,30,330,661.0,73.8,29.1,FL,Single Family,Second Home,0.00275,60,60 DPD
LN000097,2020-05-01,638500.0,617874.12,6.663,360,15,345,699.0,77.1,33.4,AZ,Single Family,Primary,0.0025,0,Current
LN000098,2019-03-30,200900.0,132995.11,7.805,180,65,115,782.0,86.5,39.5,FL,Single Family,Primary,0.0025,0,Current
LN000099,2019-09-28,154200.0,138211.31,6.499,360,47,313,668.0,83.0,44.1,CO,Townhome,Second Home,0.0025,0,Current
LN000100,2024-05-10,366800.0,330212.21,6.28,360,45,315,714.0,76.9,49.9,TX,Single Family,Primary,0.003,0,Current
LN000101,2023-11-08,196300.0,176969.57,6.03,360,47,313,741.0,87.1,34.3,CO,Single Family,Investment,0.00275,0,Current
LN000102,2021-06-18,524200.0,412369.35,6.403,240,52,188,674.0,76.1,34.8,GA,2-4 Unit,Primary,0.0025,0,Current
LN000103,2023-10-11,607300.0,536895.49,5.868,360,42,318,785.0,61.8,37.9,CA,Townhome,Primary,0.0025,30,30 DPD
LN000104,2019-10-05,367000.0,345018.35,6.572,360,27,333,763.0,59.4,30.8,AZ,Townhome,Primary,0.0025,0,Current
LN000105,2024-06-23,279400.0,232635.31,5.319,360,62,298,820.0,90.1,25.5,TN,2-4 Unit,Second Home,0.003,0,Current
LN000106,2025-03-03,367200.0,338474.73,6.081,360,32,328,768.0,51.3,34.2,TX,Single Family,Primary,0.0025,0,Current
LN000107,2025-07-03,511700.0,457962.39,6.728,360,46,314,672.0,73.8,41.0,FL,Single Family,Second Home,0.00275,0,Current
LN000108,2023-06-22,154500.0,138826.75,6.49,360,39,321,754.0,98.0,33.1,NC,Condo,Investment,0.0025,0,Current
LN000109,2021-05-11,444700.0,407973.74,5.949,360,37,323,779.0,81.1,38.3,TX,Condo,Primary,0.0025,0,Current
LN000110,2025-07-11,456600.0,368613.66,6.099,360,71,289,782.0,73.7,20.0,CO,Single Family,Investment,0.0025,0,Current
LN000111,2020-08-28,468800.0,451880.44,6.923,360,17,343,682.0,57.5,35.1,CA,Townhome,Primary,0.00275,0,Current
LN000112,2021-11-27,271000.0,218269.87,5.463,240,45,195,676.0,93.8,31.8,TX,Single Family,Primary,0.00275,0,Current
LN000113,2021-10-10,507000.0,474401.48,5.467,180,15,165,662.0,89.4,24.8,WA,Single Family,Primary,0.0025,0,Current
LN000114,2023-02-15,195700.0,169083.04,5.646,360,53,307,813.0,83.5,40.3,VA,Single Family,Investment,0.0025,0,Current
LN000115,2020-12-08,249600.0,231908.59,6.243,360,25,335,759.0,76.0,49.8,GA,Single Family,Primary,0.003,0,Current
LN000116,2021-09-04,588700.0,534478.87,5.368,360,44,316,680.0,82.3,42.9,TN,Single Family,Primary,0.0025,0,Current
LN000117,2023-12-23,519400.0,435039.29,6.869,360,65,295,732.0,74.4,43.4,VA,Single Family,Primary,0.00275,0,Current
LN000118,2025-10-08,156900.0,130442.67,5.649,360,71,289,718.0,65.3,40.7,TX,Townhome,Primary,0.0025,0,Current
LN000119,2021-03-16,274200.0,224930.09,6.396,360,70,290,672.0,86.5,40.2,TN,Single Family,Primary,0.0025,0,Current
LN000120,2023-03-14,257200.0,224487.24,5.874,360,56,304,727.0,75.4,20.6,AZ,Single Family,Investment,0.0025,0,Current
LN000121,2020-12-20,285400.0,260389.24,6.207,360,41,319,735.0,81.7,34.0,VA,Townhome,Second Home,0.0025,0,Current
LN000122,2021-08-06,273800.0,232432.44,5.208,180,29,151,820.0,74.7,39.1,TN,2-4 Unit,Primary,0.0025,0,Current
LN000123,2020-04-18,181300.0,153096.01,6.901,180,32,148,689.0,81.1,39.3,CA,Townhome,Investment,0.0025,0,Current
LN000124,2020-07-21,379500.0,372587.6,5.625,360,7,353,631.0,75.8,45.2,TX,Townhome,Primary,0.0025,0,Current
LN000125,2025-03-08,516400.0,432416.66,5.557,180,36,144,667.0,75.0,26.7,TX,Condo,Investment,0.0025,0,Current
LN000126,2021-12-17,453400.0,386900.59,7.796,360,62,298,676.0,76.3,39.9,FL,Single Family,Primary,0.0025,0,Current
LN000127,2019-08-03,486400.0,398288.89,6.61,360,71,289,702.0,98.0,26.5,VA,Single Family,Primary,0.00275,0,Current
LN000128,2021-06-18,190600.0,173896.16,6.876,360,34,326,667.0,84.8,33.3,TN,Single Family,Primary,0.0025,0,Current
LN000129,2023-12-07,625700.0,595746.54,6.548,360,20,340,770.0,98.0,34.5,CO,Single Family,Investment,0.0025,0,Current
LN000130,2024-06-05,569200.0,546782.58,5.956,360,17,343,664.0,75.9,41.9,AZ,Single Family,Primary,0.0025,0,Current
LN000131,2022-01-01,552500.0,510357.09,5.401,360,33,327,726.0,72.6,41.0,FL,Condo,Primary,0.0025,0,Current
LN000132,2025-11-19,561500.0,525205.44,6.056,360,29,331,820.0,64.2,36.0,TX,Single Family,Primary,0.00275,60,60 DPD
LN000133,2022-07-18,616400.0,578665.77,5.614,360,26,334,755.0,93.6,18.0,TX,Single Family,Primary,0.0025,0,Current
LN000134,2025-07-29,422100.0,407857.08,5.653,360,15,345,750.0,66.0,38.6,CA,Single Family,Primary,0.00275,0,Current
LN000135,2022-06-11,250100.0,235077.79,5.221,360,23,337,820.0,95.9,32.9,WA,Condo,Primary,0.0025,0,Current
LN000136,2025-08-16,458400.0,436124.71,6.324,360,19,341,794.0,64.8,46.1,CA,Single Family,Investment,0.0025,0,Current
LN000137,2019-07-03,521400.0,448129.64,7.273,240,39,201,756.0,85.8,44.2,AZ,Townhome,Primary,0.0025,30,30 DPD
LN000138,2020-11-04,519000.0,442003.2,6.613,360,63,297,708.0,58.5,27.5,NC,Single Family,Primary,0.00275,0,Current
LN000139,2023-08-09,410700.0,385402.39,6.181,360,27,333,724.0,71.1,39.7,CA,Single Family,Primary,0.003,0,Current
LN000140,2025-06-27,184200.0,165096.34,6.224,360,41,319,721.0,76.2,39.8,WA,Single Family,Second Home,0.0025,0,Current
LN000141,2020-03-10,335600.0,287792.34,4.75,360,50,310,703.0,69.4,39.2,WA,Townhome,Second Home,0.00275,0,Current
LN000142,2021-12-02,610400.0,543961.1,5.975,360,41,319,737.0,74.1,38.2,TX,Single Family,Primary,0.0025,90,90 DPD
LN000143,2022-08-29,442200.0,409919.7,5.323,360,27,333,744.0,74.2,40.0,FL,Condo,Primary,0.003,0,Current
LN000144,2025-05-29,419200.0,342322.58,6.337,360,66,294,657.0,84.9,47.0,CA,Single Family,Primary,0.0025,0,Current
LN000145,2020-11-18,284400.0,243173.91,6.081,360,61,299,815.0,53.0,30.6,CA,Single Family,Primary,0.0025,0,Current
LN000146,2021-06-06,334200.0,307077.09,5.685,360,38,322,748.0,69.8,27.8,CO,Townhome,Second Home,0.0025,0,Current
LN000147,2019-03-10,597700.0,519935.28,6.323,360,50,310,711.0,89.8,41.3,GA,Townhome,Primary,0.003,0,Current
LN000148,2024-10-04,483200.0,438811.81,6.317,360,41,319,737.0,82.2,19.9,AZ,Condo,Primary,0.00275,0,Current
LN000149,2020-02-24,543700.0,508936.69,7.237,360,25,335,776.0,90.0,40.2,CO,Townhome,Primary,0.003,0,Current
LN000150,2026-02-10,377200.0,353779.42,6.696,360,23,337,644.0,84.3,38.8,CA,Townhome,Second Home,0.00275,60,60 DPD
LN000151,2019-08-31,465100.0,383011.92,6.391,240,43,197,719.0,64.1,18.0,TN,Condo,Primary,0.0025,0,Current
LN000152,2023-02-06,274200.0,228104.14,5.634,360,72,288,660.0,83.3,29.9,TX,Townhome,Primary,0.003,0,Current
LN000153,2026-01-18,502700.0,467365.16,5.552,360,28,332,820.0,77.1,47.6,TX,Condo,Primary,0.003,0,Current
LN000154,2023-08-07,363800.0,343930.38,6.639,360,21,339,733.0,98.0,23.3,FL,Condo,Second Home,0.0025,0,Current
LN000155,2024-10-25,371300.0,305565.43,6.12,360,64,296,660.0,84.8,36.7,WA,Single Family,Primary,0.0025,0,Current
LN000156,2024-07-01,474700.0,441156.07,6.412,360,26,334,820.0,81.8,27.0,TX,Condo,Primary,0.0025,0,Current
LN000157,2023-02-10,618100.0,587557.83,6.886,360,17,343,696.0,83.4,29.3,XX,Single Family,Primary,0.003,0,Current
LN000158,2020-03-15,182000.0,174011.75,5.266,360,21,339,714.0,81.2,50.3,VA,Townhome,Primary,0.00275,0,Current
LN000159,2022-07-10,562400.0,536242.64,7.158,360,19,341,717.0,80.9,36.0,TX,Townhome,Primary,0.00275,0,Current
LN000160,2022-04-23,296200.0,251301.28,6.88,360,66,294,678.0,73.1,39.1,NC,Single Family,Primary,0.003,0,Current
LN000161,2021-12-14,372000.0,330579.49,4.915,360,51,309,739.0,81.9,34.1,CA,Townhome,Primary,0.00275,0,Current
LN000162,2022-08-24,161000.0,144064.67,7.78,360,37,323,603.0,86.4,22.9,GA,Single Family,Primary,0.00275,0,Current
LN000163,2026-01-07,300500.0,282981.04,6.459,360,20,340,785.0,87.7,25.5,GA,Single Family,Primary,0.0025,0,Current
LN000164,2022-06-07,401300.0,357374.63,5.939,360,49,311,663.0,86.3,44.4,AZ,Condo,Second Home,0.0025,0,Current
LN000165,2020-09-06,178100.0,169811.59,6.587,360,22,338,702.0,92.6,36.2,CO,Single Family,Primary,0.0025,0,Current
LN000166,2020-02-24,395500.0,353427.86,5.615,360,46,314,766.0,88.4,28.8,VA,Townhome,Investment,0.0025,0,Current
LN000167,2024-03-15,613600.0,512991.66,6.605,360,59,301,714.0,82.9,34.8,CA,Townhome,Primary,0.00275,0,Current
LN000168,2019-10-03,202700.0,179575.2,5.734,360,49,311,716.0,63.4,40.3,TX,Single Family,Primary,0.0025,0,Current
LN000169,2023-05-04,532200.0,520860.14,7.563,360,10,350,669.0,63.4,38.6,CO,Single Family,Primary,0.0025,0,Current
LN000170,2023-11-02,354800.0,330650.02,6.289,360,32,328,820.0,73.3,28.8,GA,Single Family,Primary,0.0025,0,Current
LN000171,2023-09-09,477600.0,421674.51,6.672,360,48,312,754.0,76.5,22.4,GA,Single Family,Primary,0.0025,30,30 DPD
LN000172,2024-11-07,280100.0,251262.37,5.739,360,36,324,665.0,91.4,31.7,CO,2-4 Unit,Primary,0.0025,0,Current
LN000173,2025-05-18,229700.0,217968.02,6.781,360,22,338,735.0,45.4,43.9,AZ,Condo,Primary,0.0025,0,Current
LN000174,2022-04-09,230200.0,180504.91,6.242,240,59,181,662.0,64.6,41.8,TX,Single Family,Second Home,0.0025,0,Current
LN000175,2021-03-21,185200.0,158295.14,5.332,360,67,293,820.0,73.9,38.3,GA,Condo,Primary,0.0025,0,Current
LN000176,2022-10-10,242800.0,209183.67,6.095,240,37,203,736.0,65.0,33.6,TX,Single Family,Second Home,0.0025,0,Current
LN000177,2022-08-05,482100.0,424310.42,7.505,360,45,315,671.0,67.2,30.9,NC,Townhome,Primary,0.0025,0,Current
LN000178,2025-11-14,590800.0,566242.07,6.808,360,18,342,763.0,70.5,33.8,FL,Single Family,Primary,0.0025,0,Current
LN000179,2021-01-19,557100.0,505165.07,6.004,360,40,320,710.0,65.6,41.3,WA,Condo,Primary,0.0025,0,Current
LN000180,2022-04-11,492600.0,465162.39,5.035,180,10,170,654.0,67.5,43.1,TX,Single Family,Primary,0.0025,0,Current
LN000181,2019-10-28,205200.0,190604.75,5.709,360,34,326,746.0,91.0,32.9,CA,2-4 Unit,Primary,0.0025,0,Current
LN000182,2020-08-22,294600.0,271499.89,5.336,360,30,330,744.0,82.8,55.3,TX,Single Family,Primary,0.00275,0,Current
LN000183,2020-06-12,304900.0,285047.23,5.051,360,27,333,788.0,84.4,35.7,WA,Condo,Primary,0.0025,0,Current
LN000184,2024-12-27,275000.0,206702.03,6.761,240,71,169,729.0,75.6,32.2,TN,Townhome,Primary,0.0025,0,Current
LN000185,2019-10-05,407500.0,353886.69,6.291,360,50,310,731.0,87.1,46.8,TX,Single Family,Primary,0.0025,0,Current
LN000186,2020-10-24,417800.0,410833.88,7.417,360,6,354,734.0,85.3,18.7,GA,Townhome,Investment,0.0025,0,Current
LN000187,2026-01-02,328400.0,287387.98,5.602,360,49,311,813.0,82.6,38.8,VA,Condo,Investment,0.0025,0,Current
LN000188,2022-10-01,326900.0,296561.46,6.249,360,44,316,708.0,68.8,34.4,AZ,Single Family,Primary,0.0025,0,Current
LN000189,2024-12-01,564300.0,482136.66,5.344,360,59,301,751.0,71.1,46.6,AZ,Single Family,Second Home,0.0025,0,Current
LN000190,2020-08-02,544600.0,498883.63,5.863,360,34,326,759.0,87.6,39.8,TX,Condo,Primary,0.0025,0,Current
LN000191,2023-03-11,303900.0,212940.65,6.106,180,59,121,744.0,70.3,36.1,CO,Single Family,Primary,0.0025,0,Current
LN000192,2022-10-21,606900.0,573222.04,6.006,360,21,339,706.0,61.8,40.3,TN,Single Family,Investment,0.00275,0,Current
LN000193,2020-11-21,626400.0,593522.89,6.285,360,25,335,732.0,70.1,26.6,TN,Single Family,Primary,0.0025,30,30 DPD
LN000194,2020-09-28,313400.0,273414.69,6.882,360,51,309,720.0,93.2,42.7,GA,Condo,Primary,0.003,0,Current
LN000195,2024-01-23,327200.0,205940.68,6.813,180,72,108,820.0,70.1,24.2,CA,Single Family,Primary,0.0025,0,Current
LN000196,2024-08-07,402800.0,335990.67,5.75,360,70,290,700.0,79.6,37.9,CA,Townhome,Primary,0.0025,0,Current
LN000197,2021-04-02,620600.0,517369.91,6.23,360,63,297,675.0,69.2,35.3,NC,2-4 Unit,Primary,0.0025,0,Current
LN000198,2024-02-17,588200.0,510638.82,6.766,360,58,302,725.0,84.4,20.9,TN,2-4 Unit,Investment,0.00275,0,Current
LN000199,2021-05-24,201300.0,198464.31,6.923,360,6,354,721.0,81.9,35.6,TN,Condo,Primary,0.0025,0,Current
LN000200,2021-07-28,346400.0,275429.67,5.82,360,71,289,736.0,59.6,37.3,VA,Single Family,Primary,0.0025,0,Current
LN000201,2023-08-10,426700.0,392267.3,6.71,360,34,326,700.0,78.9,29.8,GA,Condo,Investment,0.0025,0,Current
LN000202,2021-07-30,401600.0,389215.82,6.465,360,13,347,731.0,57.5,26.9,CO,Single Family,Primary,0.0025,0,Current
LN000203,2024-03-13,246900.0,225244.17,5.557,360,34,326,732.0,69.9,38.9,TX,Single Family,Primary,0.00275,0,Current
LN000204,2025-08-02,579400.0,485549.46,6.77,360,56,304,775.0,75.9,37.9,TN,Single Family,Primary,0.0025,0,Current
LN000205,2024-08-12,488500.0,434619.65,6.349,360,38,322,730.0,96.3,36.8,GA,Single Family,Primary,0.0025,120,120+ DPD
LN000206,2023-10-13,569000.0,557317.83,5.118,360,8,352,731.0,79.5,35.1,CO,Townhome,Investment,0.0025,0,Current
LN000207,2025-09-17,579400.0,500905.47,6.059,360,65,295,753.0,67.6,30.5,TX,Condo,Primary,0.0025,0,Current
LN000208,2019-01-25,524200.0,464779.19,6.276,360,40,320,773.0,72.5,53.2,GA,Single Family,Second Home,0.0025,0,Current
LN000209,2024-02-10,369600.0,345959.17,5.856,360,25,335,671.0,86.2,32.6,CO,Single Family,Primary,0.0025,0,Current
LN000210,2025-12-31,455300.0,407454.1,7.048,360,44,316,656.0,67.7,28.1,TX,2-4 Unit,Investment,0.0025,0,Current
LN000211,2019-03-02,230200.0,224452.14,7.072,360,9,351,818.0,88.1,35.4,AZ,Single Family,Primary,0.003,30,30 DPD
LN000212,2019-05-03,486800.0,458567.23,6.001,360,24,336,764.0,70.2,33.6,NC,Single Family,Second Home,0.0025,0,Current
LN000213,2023-03-01,239600.0,214301.79,5.93,360,50,310,713.0,65.9,32.4,GA,Single Family,Primary,0.003,0,Current
LN000214,2024-10-03,497000.0,430977.08,6.165,360,48,312,726.0,70.6,50.0,TX,Townhome,Investment,0.0025,0,Current
LN000215,2022-04-01,264800.0,252701.85,6.12,360,18,342,703.0,58.2,26.0,NC,Condo,Primary,0.0025,0,Current
LN000216,2023-09-19,208800.0,199910.93,5.865,360,18,342,737.0,52.1,35.3,TX,Single Family,Primary,0.0025,0,Current
LN000217,2021-11-28,232600.0,197941.05,4.75,360,65,295,672.0,75.1,26.5,CA,Single Family,Second Home,0.0025,0,Current
LN000218,2022-01-11,151000.0,126863.22,7.391,360,62,298,771.0,75.3,30.7,NC,Condo,Primary,0.0025,0,Current
LN000219,2023-09-27,509400.0,443874.68,6.25,360,57,303,735.0,78.8,48.9,GA,Condo,Investment,0.0025,0,Current
LN000220,2020-06-29,516200.0,445745.86,6.134,360,58,302,737.0,75.0,37.3,TN,Single Family,Primary,0.0025,0,Current
LN000221,2024-11-30,407500.0,356374.56,6.461,360,48,312,676.0,98.0,37.2,GA,2-4 Unit,Primary,0.00275,0,Current
LN000222,2025-10-08,230700.0,200145.21,6.198,360,47,313,754.0,77.9,27.5,AZ,Single Family,Primary,0.0025,90,90 DPD
LN000223,2025-03-27,191800.0,176772.53,5.97,360,31,329,677.0,60.9,31.6,CO,Single Family,Primary,0.0025,0,Current
LN000224,2022-08-03,159600.0,147463.09,5.596,360,28,332,687.0,63.7,49.6,CA,Townhome,Primary,0.0025,0,Current
LN000225,2019-06-04,232900.0,202501.33,5.055,360,48,312,730.0,76.0,39.0,CA,Single Family,Primary,0.00275,60,60 DPD
LN000226,2025-01-21,595400.0,543588.45,5.37,360,33,327,820.0,71.2,32.3,TX,Condo,Primary,0.003,0,Current
LN000227,2022-06-16,270800.0,253449.96,5.524,180,14,166,734.0,62.5,38.5,WA,Single Family,Primary,0.0025,0,Current
LN000228,2022-09-24,327100.0,304156.74,6.673,360,25,335,584.0,75.4,37.1,FL,Single Family,Primary,0.0025,0,Current
LN000229,2021-07-26,202700.0,172444.86,6.721,360,61,299,690.0,75.5,28.3,TN,2-4 Unit,Primary,0.00275,30,30 DPD
LN000230,2020-05-26,261200.0,212466.49,5.677,180,44,136,763.0,93.6,32.0,GA,Single Family,Primary,0.00275,0,Current
LN000231,2021-07-20,409600.0,357137.64,4.75,360,56,304,663.0,65.9,53.0,VA,Townhome,Primary,0.0025,0,Current
LN000232,2025-05-02,453900.0,432901.71,6.256,360,17,343,771.0,71.4,38.1,AZ,Single Family,Primary,0.003,0,Current
LN000233,2019-07-06,272700.0,237669.87,5.976,360,60,300,734.0,93.5,22.4,AZ,Single Family,Investment,0.0025,0,Current
LN000234,2024-01-20,178900.0,172585.15,5.96,360,16,344,780.0,79.6,39.1,FL,Single Family,Second Home,0.0025,0,Current
LN000235,2023-08-30,345500.0,302735.29,6.871,240,31,209,694.0,65.9,45.4,TX,Condo,Primary,0.0025,0,Current
LN000236,2020-01-26,267100.0,231608.59,6.34,360,47,313,690.0,68.1,27.8,NC,Single Family,Primary,0.0025,0,Current
LN000237,2022-07-07,259800.0,238089.5,5.615,360,32,328,756.0,62.6,31.3,CA,Townhome,Investment,0.003,0,Current
LN000238,2020-10-16,629900.0,607036.38,5.466,360,16,344,725.0,76.8,46.6,CO,Single Family,Primary,0.0025,0,Current
LN000239,2023-10-06,458200.0,416275.92,6.079,360,43,317,721.0,87.3,35.3,GA,2-4 Unit,Primary,0.0025,0,Current
LN000240,2019-06-25,428400.0,375019.19,5.661,360,48,312,811.0,93.9,33.9,TX,Single Family,Primary,0.00275,0,Current
LN000241,2021-02-02,357900.0,330548.58,6.203,240,24,216,758.0,59.7,24.3,WA,Townhome,Second Home,0.0025,0,Current
LN000242,2021-07-19,364500.0,299261.24,6.917,360,69,291,616.0,85.6,43.6,WA,Townhome,Primary,0.0025,0,Current
LN000243,2022-05-08,420500.0,409994.02,5.353,360,11,349,769.0,77.8,33.5,TN,Townhome,Primary,0.00275,0,Current
LN000244,2020-12-11,498200.0,426111.51,6.307,360,51,309,763.0,73.1,18.0,CA,Townhome,Investment,0.0025,30,30 DPD
LN000245,2026-01-22,501100.0,442709.59,6.845,360,47,313,790.0,71.4,22.4,CO,Condo,Second Home,0.0,0,Current
LN000246,2021-12-21,235800.0,198332.23,6.194,360,70,290,673.0,54.9,30.5,WA,Condo,Primary,0.00275,0,Current
LN000247,2022-09-12,400100.0,328548.35,6.719,360,64,296,743.0,83.0,26.4,FL,Single Family,Primary,0.0025,0,Current
LN000248,2024-04-13,356000.0,262858.52,6.063,180,57,123,731.0,61.5,27.7,WA,Single Family,Second Home,0.003,0,Current
LN000249,2019-10-08,585300.0,514116.23,6.361,360,52,308,672.0,67.8,53.8,WA,Townhome,Primary,0.0025,30,30 DPD
LN000250,2024-05-17,465700.0,450172.27,6.537,360,12,348,777.0,80.6,40.7,TN,Single Family,Primary,0.0025,0,Current
LN000251,2023-11-21,416300.0,400709.33,5.878,360,16,344,712.0,56.0,18.0,CA,Townhome,Primary,0.0025,0,Current
LN000252,2025-03-24,207700.0,174455.74,7.544,360,66,294,788.0,61.5,32.5,FL,Single Family,Investment,0.003,0,Current
LN000253,2021-12-17,452800.0,420564.42,6.625,360,30,330,684.0,89.4,34.3,TN,Single Family,Primary,0.0025,0,Current
LN000254,2020-04-21,208600.0,200868.1,7.097,360,17,343,645.0,77.3,23.2,CA,Single Family,Second Home,0.0025,0,Current
LN000255,2020-12-16,318600.0,297703.62,6.946,360,31,329,712.0,68.7,39.3,TX,Condo,Investment,0.0025,0,Current
LN000256,2019-08-31,221400.0,201172.46,6.463,180,17,163,738.0,77.4,18.7,AZ,Single Family,Primary,0.0025,0,Current
LN000257,2025-08-11,496000.0,433600.48,7.151,360,48,312,696.0,83.4,43.8,WA,Single Family,Primary,0.0025,0,Current
LN000258,2021-07-24,253100.0,220236.55,6.372,360,56,304,580.0,88.4,46.5,NC,Single Family,Primary,0.003,0,Current
LN000259,2023-03-04,345900.0,312055.08,5.776,360,42,318,746.0,63.8,53.8,AZ,Single Family,Primary,0.00275,0,Current
LN000260,2021-04-17,597800.0,510274.46,6.26,360,51,309,746.0,64.7,22.4,CO,Single Family,Primary,0.0025,0,Current
LN000261,2022-09-07,252200.0,209686.45,5.596,360,58,302,763.0,82.7,24.0,GA,Single Family,Primary,0.0025,0,Current
LN000262,2025-08-20,403900.0,385885.44,4.884,360,18,342,704.0,83.0,40.5,WA,Townhome,Primary,0.0025,0,Current
LN000263,2024-07-21,359600.0,301211.55,5.696,360,59,301,701.0,61.2,44.5,TX,Single Family,Investment,0.0025,0,Current
LN000264,2022-12-03,159100.0,132493.9,6.297,360,62,298,804.0,65.1,41.5,AZ,Single Family,Primary,0.00275,0,Current
LN000265,2025-07-18,546400.0,534936.59,6.94,360,9,351,638.0,73.9,43.6,TN,Single Family,Primary,0.00275,0,Current
LN000266,2019-08-28,184500.0,163257.53,5.694,360,54,306,711.0,76.3,46.0,NC,Single Family,Primary,0.00275,0,Current
LN000267,2019-05-19,387100.0,376870.66,6.907,360,12,348,733.0,76.6,36.6,NC,Single Family,Primary,0.0025,0,Current
LN000268,2020-02-24,430300.0,411147.09,5.463,360,16,344,758.0,61.0,33.3,NC,Single Family,Primary,0.0025,0,Current
LN000269,2023-05-04,464200.0,353580.2,5.652,240,59,181,734.0,76.5,24.1,CA,Single Family,Primary,0.0025,0,Current
LN000270,2019-10-31,494300.0,429127.89,7.192,360,50,310,674.0,68.1,32.6,CA,Single Family,Primary,0.0025,0,Current
LN000271,2024-12-02,276600.0,259621.79,6.281,360,28,332,789.0,63.2,33.8,VA,Condo,Primary,0.0025,0,Current
LN000272,2025-07-18,155000.0,141616.05,6.137,360,33,327,725.0,75.9,27.4,VA,Townhome,Primary,0.003,0,Current
LN000273,2022-06-28,511700.0,425191.38,6.403,360,62,298,633.0,74.8,34.7,TN,Townhome,Primary,0.00275,0,Current
LN000274,2024-07-19,417800.0,381528.47,5.466,360,31,329,737.0,84.8,26.5,TN,Single Family,Primary,0.003,0,Current
LN000275,2019-01-07,568100.0,532405.83,6.035,360,30,330,751.0,66.5,43.9,AZ,Single Family,Investment,0.00275,0,Current
LN000276,2025-02-04,560700.0,472911.19,6.252,360,59,301,820.0,78.6,38.4,AZ,Single Family,Primary,0.0025,30,30 DPD
LN000277,2022-03-14,571700.0,510492.85,7.05,240,34,206,747.0,58.7,31.3,VA,Single Family,Primary,0.0025,0,Current
LN000278,2020-02-20,392500.0,349494.5,5.164,360,41,319,643.0,73.0,36.5,GA,2-4 Unit,Primary,0.0025,0,Current
LN000279,2022-02-18,316800.0,301071.72,7.396,360,19,341,645.0,81.1,26.2,NC,Single Family,Primary,0.0025,0,Current
LN000280,2022-02-21,545800.0,497617.72,6.169,360,40,320,794.0,82.0,27.0,VA,Single Family,Primary,0.0025,0,Current
LN000281,2019-05-30,375600.0,339819.64,5.528,360,35,325,681.0,82.1,29.9,TN,Single Family,Primary,0.0025,0,Current
LN000282,2025-09-10,241700.0,218938.45,5.41,180,22,158,640.0,84.8,33.5,CA,Condo,Primary,0.0025,0,Current
LN000283,2025-08-25,577500.0,462240.28,6.428,360,72,288,780.0,71.1,36.1,CA,Single Family,Primary,0.0025,0,Current
LN000284,2023-12-09,591300.0,543667.08,5.374,360,35,325,699.0,81.5,36.2,CO,Single Family,Primary,0.0025,0,Current
LN000285,2021-04-18,383200.0,281369.33,5.886,180,50,130,777.0,96.6,24.4,AZ,Single Family,Primary,0.0025,0,Current
LN000286,2024-08-10,187800.0,157794.79,6.088,360,56,304,675.0,70.9,34.4,CO,Single Family,Primary,0.0025,0,Current
LN000287,2023-08-24,343900.0,301579.95,6.993,360,52,308,806.0,91.2,28.5,FL,Single Family,Investment,0.0025,0,Current
LN000288,2019-09-01,551800.0,471711.81,6.912,360,58,302,773.0,85.6,18.0,AZ,Single Family,Primary,0.0025,0,Current
LN000289,2024-03-25,600900.0,498519.09,5.832,360,69,291,685.0,73.1,58.0,CA,Single Family,Primary,0.00275,30,30 DPD
LN000290,2022-11-22,251700.0,215745.51,6.112,240,43,197,634.0,74.0,28.6,GA,Single Family,Primary,0.0025,0,Current
LN000291,2022-06-28,183500.0,150893.35,5.213,360,69,291,820.0,77.3,29.1,CO,Single Family,Primary,0.0025,30,30 DPD
LN000292,2021-05-28,588700.0,569608.45,4.925,360,12,348,713.0,85.0,24.2,CO,Single Family,Primary,0.0025,0,Current
LN000293,2022-08-13,344700.0,318199.57,5.451,360,27,333,683.0,80.4,26.5,VA,Single Family,Primary,0.003,0,Current
LN000294,2021-09-03,420900.0,366836.48,6.98,360,46,314,801.0,70.8,33.5,CA,Condo,Primary,0.0025,0,Current
LN000295,2023-03-04,634000.0,610145.6,6.757,360,15,345,777.0,53.1,45.8,TX,Townhome,Primary,0.00275,0,Current
LN000296,2022-02-12,183300.0,152814.3,6.499,360,62,298,790.0,83.4,33.4,AZ,Single Family,Primary,0.003,0,Current
LN000297,2024-08-10,474200.0,458547.69,5.303,360,12,348,720.0,54.7,32.4,VA,Single Family,Primary,0.00275,90,90 DPD
LN000298,2020-07-06,187100.0,161429.59,5.787,360,55,305,820.0,61.0,44.6,TX,Single Family,Primary,0.0025,0,Current
LN000299,2020-04-26,337700.0,295746.58,5.692,360,57,303,653.0,71.6,30.8,GA,Condo,Primary,0.0025,0,Current
LN000300,2020-08-22,551900.0,500554.27,6.142,360,38,322,695.0,62.6,35.2,CO,Condo,Primary,0.0025,0,Current
LN000301,2025-07-10,366700.0,360571.57,6.101,360,6,354,746.0,79.5,27.6,CO,Single Family,Second Home,0.0025,0,Current
LN000302,2025-11-17,648600.0,551523.39,5.599,360,58,302,789.0,72.7,48.5,AZ,Townhome,Primary,0.0025,0,Current
LN000303,2022-03-10,429500.0,354484.32,6.477,360,65,295,761.0,84.6,43.4,AZ,Single Family,Primary,0.003,0,Current
LN000304,2020-08-05,310600.0,283493.56,6.399,360,39,321,720.0,58.3,33.8,GA,Single Family,Primary,0.003,0,Current
LN000305,2019-05-17,260100.0,253341.94,5.776,360,9,351,699.0,68.7,31.8,NC,Condo,Investment,0.0025,30,30 DPD
LN000306,2021-09-30,325300.0,307980.55,6.448,360,22,338,790.0,76.0,34.7,WA,Townhome,Primary,0.0025,0,Current
LN000307,2024-06-05,336300.0,328345.74,6.981,360,9,351,767.0,76.5,33.9,AZ,Condo,Primary,0.003,0,Current
LN000308,2023-06-23,184400.0,165820.8,7.178,360,48,312,677.0,83.6,22.6,CA,Townhome,Primary,0.0025,0,Current
LN000309,2020-11-17,334800.0,328202.8,6.569,360,9,351,675.0,65.9,43.7,VA,Single Family,Primary,0.0025,0,Current
LN000310,2025-01-23,382100.0,372694.51,6.55,240,6,234,695.0,70.9,33.2,CA,Townhome,Primary,0.0025,0,Current
LN000311,2022-12-04,511400.0,348827.37,6.094,180,55,125,688.0,81.6,50.2,FL,Single Family,Primary,0.00275,0,Current
LN000312,2023-11-28,478400.0,404198.7,6.919,360,66,294,782.0,51.8,38.4,CO,Townhome,Investment,0.0025,0,Current
LN000313,2021-06-28,504400.0,461741.53,5.554,360,40,320,749.0,80.2,18.0,CO,Single Family,Primary,0.00275,0,Current
LN000314,2023-10-26,154200.0,149420.92,6.844,360,13,347,756.0,84.4,24.7,WA,Townhome,Primary,0.0025,0,Current
LN000315,2024-07-27,258800.0,243054.92,6.063,360,29,331,736.0,61.3,18.0,VA,Single Family,Investment,0.0025,0,Current
LN000316,2021-04-21,480800.0,392342.98,7.219,180,41,139,738.0,72.5,24.6,NC,Condo,Primary,0.0025,0,Current
LN000317,2024-10-13,392000.0,333563.92,6.632,360,55,305,638.0,92.4,21.9,FL,Single Family,Primary,0.0025,0,Current
LN000318,2023-05-24,152700.0,131706.26,6.206,360,48,312,769.0,83.3,37.0,TX,Condo,Primary,0.0025,0,Current
LN000319,2025-10-16,552200.0,514098.95,6.096,360,32,328,694.0,80.9,32.5,TX,Single Family,Primary,0.0025,0,Current
LN000320,2022-08-30,536400.0,485825.38,6.592,360,37,323,723.0,86.9,40.9,TX,Single Family,Primary,0.00275,0,Current
LN000321,2019-04-25,424200.0,401809.57,6.56,360,23,337,699.0,95.8,34.7,AZ,Single Family,Investment,0.0025,0,Current
LN000322,2020-07-22,183200.0,169904.42,5.991,360,33,327,733.0,76.2,33.1,NC,Single Family,Primary,0.00275,0,Current
LN000323,2023-04-03,533300.0,492215.76,6.31,360,34,326,757.0,71.5,51.0,GA,Townhome,Primary,0.003,0,Current
LN000324,2020-05-09,441900.0,418098.89,6.833,360,21,339,670.0,86.9,36.8,CA,Single Family,Primary,0.00275,0,Current
LN000325,2021-04-01,541000.0,480864.7,5.364,360,52,308,739.0,73.9,34.4,WA,2-4 Unit,Second Home,0.003,0,Current
LN000326,2025-02-27,525900.0,443601.04,6.722,360,64,296,700.0,65.8,28.2,NC,Single Family,Investment,0.0025,0,Current
LN000327,2023-05-28,551500.0,507900.16,6.589,360,36,324,798.0,70.1,25.6,AZ,Single Family,Second Home,0.0025,0,Current
LN000328,2020-07-13,409000.0,400494.81,7.021,360,9,351,664.0,79.4,41.2,GA,Townhome,Primary,0.003,0,Current
LN000329,2021-11-07,220200.0,178724.71,5.785,180,42,138,670.0,71.1,40.7,FL,Condo,Primary,0.00275,0,Current
LN000330,2025-11-30,485600.0,425364.99,6.254,180,22,158,705.0,71.9,47.6,TX,Single Family,Primary,0.00275,0,Current
LN000331,2025-12-10,460200.0,406068.02,6.383,360,44,316,674.0,64.7,38.8,CA,Single Family,Primary,0.0025,0,Current
LN000332,2023-01-09,521100.0,443573.99,6.73,360,53,307,713.0,91.8,31.9,NC,Condo,Primary,0.0025,30,30 DPD
LN000333,2019-12-06,234900.0,177327.34,6.529,180,51,129,696.0,72.2,39.1,CO,Single Family,Primary,0.0025,0,Current
LN000334,2023-04-04,247500.0,216745.88,5.444,360,53,307,730.0,68.2,34.4,TX,2-4 Unit,Primary,0.0025,0,Current
LN000335,2020-09-03,595200.0,532334.07,6.439,360,44,316,780.0,69.3,41.9,CO,2-4 Unit,Primary,0.0025,0,Current
LN000336,2024-12-03,525000.0,505166.43,7.553,180,9,171,729.0,84.8,45.7,CO,Condo,Primary,0.0025,0,Current
LN000337,2024-02-25,604100.0,547282.05,6.648,360,35,325,734.0,82.3,33.7,TN,Single Family,Primary,0.0025,0,Current
LN000338,2019-03-15,529400.0,485397.14,7.315,360,35,325,667.0,70.5,49.1,NC,Condo,Primary,0.0025,0,Current
LN000339,2024-12-03,448600.0,420203.72,6.928,360,27,333,718.0,76.4,44.5,FL,Single Family,Primary,0.0025,0,Current
LN000340,2023-09-06,477100.0,389644.38,7.136,360,71,289,702.0,79.0,35.1,CO,Single Family,Primary,0.00275,0,Current
LN000341,2023-10-28,594600.0,569866.5,6.451,360,17,343,762.0,68.3,40.4,FL,Single Family,Primary,0.00275,0,Current
LN000342,2023-08-20,439400.0,361014.02,6.589,240,41,199,683.0,59.1,37.4,FL,Single Family,Primary,0.0025,0,Current
LN000343,2024-07-27,466200.0,440677.95,6.416,360,23,337,678.0,81.7,35.2,TX,Townhome,Primary,0.0025,0,Current
LN000344,2022-05-30,228200.0,193854.77,6.253,360,58,302,742.0,68.9,50.3,FL,Condo,Primary,0.003,0,Current
LN000345,2019-05-06,387000.0,381559.46,6.732,360,6,354,820.0,80.8,39.1,FL,Condo,Investment,0.0025,0,Current
LN000346,2020-10-18,508200.0,321938.36,5.911,180,63,117,715.0,79.5,28.3,GA,Single Family,Primary,0.0025,0,Current
LN000347,2022-04-14,285500.0,270084.8,7.475,180,11,169,734.0,76.6,26.8,GA,Single Family,Primary,0.0025,30,30 DPD
LN000348,2024-06-19,251100.0,186829.99,5.647,180,49,131,777.0,71.3,27.1,CO,Single Family,Primary,0.0025,0,Current
LN000349,2021-09-17,306900.0,287418.26,6.777,360,29,331,753.0,69.0,38.9,CA,2-4 Unit,Primary,0.0025,0,Current
LN000350,2021-05-08,270800.0,253289.94,7.146,360,24,336,753.0,63.5,32.3,GA,Single Family,Primary,0.0025,0,Current
LN000351,2023-03-02,257500.0,243832.79,6.135,360,23,337,720.0,69.2,37.7,AZ,Townhome,Primary,0.0025,0,Current
LN000352,2024-11-02,362400.0,331233.16,5.527,360,35,325,721.0,82.3,42.5,TN,Single Family,Investment,0.0025,0,Current
LN000353,2024-03-14,603900.0,523879.6,7.001,360,47,313,683.0,91.4,51.2,GA,Single Family,Primary,0.0025,0,Current
LN000354,2022-11-07,403500.0,359155.02,6.382,360,38,322,752.0,89.8,32.5,TX,Condo,Investment,0.0025,0,Current
LN000355,2020-09-24,244000.0,228836.09,6.779,240,17,223,750.0,77.6,23.7,CO,Single Family,Primary,0.0025,0,Current
LN000356,2023-07-23,188500.0,171737.06,6.179,360,32,328,764.0,91.4,49.3,GA,Townhome,Primary,0.0025,0,Current
LN000357,2023-01-26,498100.0,451466.49,7.376,360,44,316,698.0,72.6,23.3,CO,Townhome,Investment,0.0025,0,Current
LN000358,2025-11-03,341400.0,328066.61,4.874,360,14,346,771.0,61.8,23.0,GA,Single Family,Primary,0.0025,0,Current
LN000359,2026-01-09,560900.0,522867.58,6.495,360,26,334,787.0,97.1,49.1,WA,Single Family,Primary,0.0025,0,Current
LN000360,2020-11-25,479800.0,439170.53,7.122,360,34,326,658.0,81.9,43.5,AZ,Single Family,Primary,0.0025,0,Current
LN000361,2026-02-10,548100.0,489262.09,6.318,360,38,322,709.0,59.1,38.9,FL,Townhome,Primary,0.0025,0,Current
LN000362,2021-07-17,286000.0,232580.54,6.447,360,67,293,790.0,93.1,34.6,GA,Single Family,Primary,0.0025,0,Current
LN000363,2019-04-26,496200.0,473069.26,5.968,360,20,340,689.0,67.8,33.1,FL,Condo,Primary,0.0025,60,60 DPD
LN000364,2021-10-28,282000.0,276585.5,6.263,360,7,353,754.0,70.2,29.8,AZ,Condo,Primary,0.0025,0,Current
LN000365,2022-05-26,619500.0,543006.73,5.163,360,57,303,725.0,87.2,32.7,WA,Condo,Primary,0.0025,0,Current
LN000366,2023-10-09,468200.0,341149.69,5.783,180,49,131,743.0,91.0,34.6,FL,Single Family,Primary,0.0025,0,Current
LN000367,2023-06-02,312300.0,263541.67,5.739,360,59,301,727.0,65.0,24.0,WA,Condo,Primary,0.0025,0,Current
LN000368,2024-03-18,284800.0,256547.4,6.685,180,23,157,766.0,92.2,28.4,TN,Townhome,Primary,0.0025,0,Current
LN000369,2025-09-17,245500.0,240290.36,5.879,360,8,352,669.0,85.6,18.1,TX,Single Family,Primary,0.0025,0,Current
LN000370,2019-10-31,497300.0,481980.58,5.897,360,12,348,675.0,67.2,35.6,CO,Single Family,Primary,0.00275,0,Current
LN000371,2023-01-30,259400.0,227290.95,6.004,360,48,312,806.0,73.3,35.6,TX,2-4 Unit,Primary,0.0025,0,Current
LN000372,2024-05-29,447700.0,402927.33,5.763,360,43,317,820.0,92.7,49.2,CO,Single Family,Second Home,0.0025,0,Current
LN000373,2019-03-29,282300.0,254965.62,6.425,360,42,318,725.0,58.8,38.0,CO,Townhome,Primary,0.0025,0,Current
LN000374,2021-10-30,481000.0,398612.83,6.495,360,63,297,819.0,91.2,30.6,NC,Single Family,Primary,0.0025,0,Current
LN000375,2019-11-04,557500.0,508830.76,6.786,360,38,322,683.0,85.3,33.4,CO,Single Family,Primary,0.003,0,Current
LN000376,2025-10-17,539000.0,454304.78,6.674,360,64,296,696.0,81.6,38.9,CA,Townhome,Primary,0.0025,0,Current
LN000377,2021-03-12,530400.0,507806.45,6.609,360,16,344,805.0,77.4,36.8,TN,Single Family,Primary,0.0025,0,Current
LN000378,2019-06-13,243900.0,229743.71,6.036,360,27,333,769.0,97.7,39.6,CO,Single Family,Second Home,0.0025,0,Current
LN000379,2021-09-22,194200.0,158643.12,5.994,360,71,289,813.0,98.0,38.0,VA,Single Family,Primary,0.0025,0,Current
LN000380,2022-09-20,499500.0,436488.31,5.684,360,49,311,751.0,69.2,33.0,CA,Single Family,Second Home,0.0025,0,Current
LN000381,2024-08-27,334200.0,324445.12,5.672,360,11,349,669.0,82.7,30.7,TX,Single Family,Second Home,0.0025,0,Current
LN000382,2021-12-30,366200.0,325037.1,6.376,360,47,313,737.0,96.6,30.3,NC,Single Family,Second Home,0.00275,0,Current
LN000383,2022-04-13,165600.0,141182.45,5.782,180,30,150,791.0,67.4,27.6,GA,2-4 Unit,Investment,0.0025,0,Current
LN000384,2024-02-21,279800.0,197978.04,7.204,180,62,118,718.0,78.7,26.3,TN,Single Family,Primary,0.0025,0,Current
LN000385,2023-12-29,166800.0,125414.82,6.226,240,60,180,709.0,87.0,49.7,NC,Condo,Primary,0.0025,0,Current
LN000386,2021-03-21,589600.0,562457.36,7.226,360,21,339,752.0,53.8,36.0,VA,Single Family,Primary,0.0025,0,Current
LN000387,2025-07-14,271700.0,256802.66,6.622,360,19,341,694.0,85.1,33.8,CA,Townhome,Primary,0.0025,0,Current
LN000388,2025-04-14,428700.0,379423.51,5.745,360,44,316,741.0,64.0,31.0,TX,Single Family,Primary,0.0025,0,Current
LN000389,2022-09-10,169500.0,153712.78,6.21,360,33,327,728.0,78.1,38.4,NC,2-4 Unit,Primary,0.0025,0,Current
LN000390,2025-06-11,483400.0,417388.12,5.162,360,56,304,698.0,88.6,44.6,VA,Single Family,Primary,0.0025,0,Current
LN000391,2023-12-09,311500.0,271798.53,6.374,360,54,306,779.0,49.7,40.8,WA,Single Family,Primary,0.003,0,Current
LN000392,2025-03-01,599000.0,575234.59,5.804,360,14,0,761.0,84.6,42.4,FL,Single Family,Primary,0.0025,0,Current
LN000393,2023-05-13,594100.0,513040.5,5.526,360,63,297,706.0,98.0,30.3,CA,Single Family,Primary,0.0025,0,Current
LN000394,2025-10-30,312600.0,278512.18,7.239,360,50,310,724.0,70.1,35.0,VA,Single Family,Primary,0.0025,0,Current
LN000395,2020-03-08,600500.0,562677.33,6.92,360,27,333,710.0,82.3,30.4,CA,Single Family,Investment,0.0025,0,Current
LN000396,2023-07-06,648100.0,578963.03,6.902,360,37,323,690.0,90.7,35.9,WA,Townhome,Primary,0.0025,0,Current
LN000397,2022-02-25,562700.0,493650.04,6.758,360,47,313,632.0,58.5,45.2,TN,Single Family,Primary,0.0025,0,Current
LN000398,2021-04-01,572400.0,487902.68,5.447,360,58,302,698.0,84.3,38.5,FL,Single Family,Primary,0.0025,0,Current
LN000399,2021-12-06,274500.0,227573.58,5.99,360,64,296,691.0,87.3,48.0,NC,Single Family,Primary,0.0025,0,Current
LN000400,2020-05-19,438400.0,344605.14,6.029,180,44,136,731.0,83.0,32.7,NC,Condo,Primary,0.00275,0,Current
LN000401,2019-04-25,183600.0,173630.3,5.139,360,20,340,749.0,77.0,28.5,TX,Single Family,Primary,0.0025,0,Current
LN000402,2022-12-10,197500.0,181309.96,5.888,360,34,326,681.0,65.0,39.1,TN,Single Family,Primary,0.0025,0,Current
LN000403,2023-11-26,649400.0,634999.06,5.895,360,8,352,746.0,91.3,36.0,AZ,Single Family,Primary,0.0025,0,Current
LN000404,2021-09-21,313300.0,302462.58,6.332,360,15,345,672.0,76.4,37.6,VA,Condo,Primary,0.00275,0,Current
LN000405,2019-08-11,524100.0,482854.82,7.896,360,34,326,718.0,66.1,36.4,CA,Condo,Primary,0.0025,0,Current
LN000406,2020-09-27,553300.0,497557.18,6.236,360,40,320,692.0,72.5,31.1,TN,Single Family,Primary,0.0025,0,Current
LN000407,2024-05-26,579000.0,563444.99,6.332,360,11,349,766.0,80.1,36.6,FL,Townhome,Primary,0.00275,0,Current
LN000408,2020-11-02,648800.0,619864.62,6.087,360,17,343,731.0,58.8,42.8,CO,Townhome,Primary,0.0025,0,Current
LN000409,2021-08-15,270700.0,229024.21,6.73,240,43,197,719.0,76.2,43.6,TN,Single Family,Investment,0.0025,0,Current
LN000410,2021-07-21,170200.0,151610.41,5.552,180,24,156,691.0,71.4,31.1,CO,Townhome,Primary,0.0025,0,Current
LN000411,2019-04-06,355600.0,260554.25,7.482,240,72,168,707.0,90.7,36.8,CA,Single Family,Primary,0.0025,0,Current
LN000412,2024-11-24,215000.0,200741.04,6.169,180,13,167,820.0,55.4,46.8,WA,Single Family,Primary,0.00275,0,Current
LN000413,2020-09-23,161200.0,156585.14,5.993,360,13,347,697.0,86.3,31.3,WA,Single Family,Primary,0.003,0,Current
LN000414,2023-08-29,330200.0,242724.86,6.881,180,52,128,751.0,91.6,29.8,AZ,Single Family,Primary,0.003,0,Current
LN000415,2024-05-03,541900.0,530441.84,5.671,360,9,351,719.0,55.8,41.4,GA,Single Family,Primary,0.00275,0,Current
LN000416,2020-11-28,433100.0,345409.54,6.718,240,56,184,750.0,57.1,40.0,FL,Townhome,Investment,0.0025,0,Current
LN000417,2019-02-01,306400.0,255305.02,7.163,360,72,288,771.0,95.6,28.3,CA,Single Family,Primary,0.00275,0,Current
LN000418,2024-10-14,477200.0,374858.19,6.093,240,50,190,706.0,66.1,23.8,CA,Single Family,Primary,0.0025,0,Current
LN000419,2022-04-17,266000.0,256826.69,7.584,360,13,347,764.0,98.0,36.7,GA,Single Family,Primary,0.0025,0,Current
LN000420,2021-02-17,157200.0,145800.71,6.669,240,21,219,820.0,56.1,31.7,NC,Townhome,Primary,0.0025,0,Current
LN000421,2023-01-06,532200.0,431772.86,6.677,360,72,288,756.0,77.9,21.5,VA,Single Family,Primary,0.0025,0,Current
LN000422,2021-07-04,461900.0,443855.1,7.138,360,14,346,814.0,75.7,29.5,VA,Single Family,Primary,0.00275,0,Current
LN000423,2020-07-02,531200.0,364220.85,7.31,180,65,115,751.0,73.7,39.8,CO,Single Family,Primary,0.0025,0,Current
LN000424,2025-02-26,169500.0,160092.87,6.42,360,20,340,674.0,81.1,33.8,FL,Single Family,Primary,0.0025,0,Current
LN000425,2024-03-08,568600.0,452886.97,6.768,180,46,134,740.0,81.7,47.5,CO,2-4 Unit,Primary,0.0025,120,120+ DPD
LN000426,2024-09-27,459800.0,425424.17,7.158,360,27,333,707.0,74.2,18.3,AZ,2-4 Unit,Investment,0.00275,0,Current
LN000427,2023-08-31,431700.0,368262.74,5.495,180,29,151,692.0,64.8,45.7,FL,Single Family,Primary,0.0025,0,Current
LN000428,2025-04-29,462300.0,410897.73,5.126,360,49,311,721.0,87.5,32.2,TN,2-4 Unit,Investment,0.0025,0,Current
LN000429,2022-03-02,582200.0,573737.31,6.213,360,6,354,716.0,82.9,31.1,CA,Condo,Primary,0.0025,0,Current
LN000430,2024-07-23,443500.0,424163.44,5.11,360,15,345,667.0,77.3,22.6,TX,Townhome,Investment,0.0025,0,Current
LN000431,2024-01-08,440500.0,366974.34,6.046,360,61,299,820.0,82.6,38.7,TX,Single Family,Primary,0.0025,0,Current
LN000432,2019-12-10,645300.0,554350.48,6.454,360,55,305,769.0,84.5,20.4,VA,Single Family,Second Home,0.0025,0,Current
LN000433,2022-04-14,528400.0,508823.75,6.071,360,17,343,738.0,67.6,41.5,GA,Single Family,Investment,0.00275,0,Current
LN000434,2024-08-20,371100.0,312448.34,6.158,360,65,295,730.0,82.2,22.9,TX,Condo,Primary,0.0025,0,Current
LN000435,2025-02-26,503700.0,467746.48,5.599,360,31,329,791.0,69.9,24.2,CO,Single Family,Investment,0.0025,90,90 DPD
LN000436,2021-08-02,344600.0,293656.9,6.762,240,46,194,820.0,84.8,25.5,NC,Single Family,Primary,0.0025,0,Current
LN000437,2021-07-14,264400.0,236917.74,5.559,360,41,319,763.0,73.9,29.3,CO,Single Family,Primary,0.0025,0,Current
LN000438,2024-08-12,448400.0,412940.08,4.883,360,28,332,732.0,82.7,42.5,VA,Condo,Primary,0.0025,0,Current
LN000439,2022-08-23,614100.0,536094.56,6.115,360,48,312,806.0,71.2,47.0,NC,Single Family,Primary,0.0025,0,Current
LN000440,2024-06-26,614600.0,599108.76,6.845,360,11,349,733.0,83.3,30.1,CO,Condo,Primary,0.0025,0,Current
LN000441,2023-11-23,321000.0,242070.35,6.302,180,48,132,749.0,65.2,34.6,CO,2-4 Unit,Primary,0.00275,0,Current
LN000442,2025-02-24,413800.0,378179.74,5.493,360,30,330,780.0,76.4,38.9,WA,Single Family,Primary,0.0025,0,Current
LN000443,2024-04-23,255800.0,239998.58,6.316,360,23,337,704.0,86.8,32.4,CA,Condo,Primary,0.0025,30,30 DPD
LN000444,2024-11-26,647800.0,532440.45,6.535,360,67,293,611.0,81.1,38.6,CA,Single Family,Second Home,0.0025,0,Current
LN000445,2024-11-25,640600.0,607274.47,6.309,360,18,342,701.0,78.1,35.0,VA,Townhome,Primary,0.0025,0,Current
LN000446,2026-02-12,474800.0,412147.8,6.078,360,48,312,768.0,95.8,33.0,WA,Single Family,Primary,0.0025,0,Current
LN000447,2019-02-21,552200.0,512161.55,6.566,360,33,327,764.0,87.3,23.6,WA,Condo,Primary,0.0025,0,Current
LN000448,2024-11-29,507600.0,479895.36,5.12,360,23,337,799.0,85.4,36.2,NC,Townhome,Primary,0.003,0,Current
LN000449,2019-10-22,446600.0,364064.97,5.669,360,64,296,703.0,83.2,42.7,CA,Townhome,Primary,0.0025,0,Current
LN000450,2024-10-13,176700.0,133777.17,5.402,240,65,175,812.0,84.6,28.8,CO,Condo,Primary,0.0025,0,Current
LN000451,2020-04-09,377400.0,321547.52,7.126,360,68,292,735.0,94.2,19.3,VA,Single Family,Primary,0.00275,0,Current
LN000452,2025-04-24,487400.0,412895.43,6.713,360,62,298,758.0,71.4,32.4,AZ,Single Family,Investment,0.0025,30,30 DPD
LN000453,2023-07-28,488800.0,415874.45,6.37,360,56,304,775.0,87.1,47.1,FL,Townhome,Primary,0.0025,0,Current
LN000454,2020-09-25,336600.0,246832.8,5.307,240,61,179,649.0,79.9,44.7,TN,Single Family,Primary,0.0025,0,Current
LN000455,2022-09-16,620800.0,574051.19,6.734,360,32,328,670.0,71.8,30.4,TX,Single Family,Primary,0.0025,0,Current
LN000456,2023-03-05,233700.0,211981.24,7.151,360,37,323,668.0,74.9,38.6,FL,Townhome,Primary,0.0025,0,Current
LN000457,2019-07-29,400200.0,384420.27,6.621,360,14,346,784.0,78.4,39.9,CO,Condo,Primary,0.0025,0,Current
LN000458,2024-11-06,495400.0,435283.78,6.227,360,51,309,708.0,66.5,46.9,FL,Condo,Primary,0.003,0,Current
LN000459,2024-09-06,498600.0,420541.33,6.661,360,72,288,820.0,85.5,22.6,CO,Single Family,Primary,0.0025,0,Current
LN000460,2019-08-26,474300.0,432041.05,6.427,360,31,329,725.0,74.9,26.4,TX,Condo,Primary,0.0025,30,30 DPD
LN000461,2019-12-02,287600.0,278289.01,6.852,360,13,347,644.0,76.9,18.9,TX,Single Family,Investment,0.0025,0,Current
LN000462,2024-10-11,228100.0,221821.43,6.837,360,11,349,688.0,90.9,29.6,GA,Condo,Investment,0.0025,0,Current
LN000463,2023-04-26,468000.0,432699.23,6.106,360,29,331,731.0,77.4,43.5,NC,Single Family,Primary,0.0025,0,Current
LN000464,2020-05-14,449700.0,399975.38,5.821,360,53,307,753.0,93.1,30.5,GA,Condo,Primary,0.0025,0,Current
LN000465,2023-04-14,239700.0,188297.37,5.99,240,50,190,671.0,70.2,24.5,WA,2-4 Unit,Primary,0.0025,0,Current
LN000466,2021-03-01,502600.0,481027.52,6.598,360,18,342,756.0,63.9,36.8,CA,Single Family,Primary,0.0025,0,Current
LN000467,2022-02-09,377600.0,336579.44,6.029,240,30,210,771.0,72.8,37.0,CA,2-4 Unit,Primary,0.0025,0,Current
LN000468,2025-06-06,483900.0,456941.64,5.762,360,25,335,690.0,45.0,26.9,TN,Single Family,Primary,0.003,0,Current
LN000469,2019-08-17,568700.0,423433.57,6.249,240,71,169,820.0,86.0,31.0,TX,Townhome,Primary,0.00275,0,Current
LN000470,2019-05-30,234900.0,202562.65,6.97,360,50,310,696.0,64.6,36.2,WA,Townhome,Primary,0.0025,30,30 DPD
LN000471,2023-11-14,159600.0,113954.52,6.338,180,52,128,670.0,69.2,41.0,CO,Single Family,Primary,0.00275,60,60 DPD
LN000472,2023-06-13,539600.0,434542.49,6.07,360,68,292,641.0,83.9,29.8,WA,Condo,Investment,0.0025,90,90 DPD
LN000473,2026-01-18,454800.0,388780.56,6.458,360,60,300,792.0,77.3,28.7,CO,Townhome,Investment,0.00275,0,Current
LN000474,2019-11-29,499800.0,435651.24,6.305,180,24,156,726.0,71.2,50.3,TN,Single Family,Primary,0.0025,30,30 DPD
LN000475,2019-06-23,569100.0,512052.7,4.993,360,40,320,699.0,53.6,32.8,AZ,Single Family,Primary,0.0025,120,120+ DPD
LN000476,2022-09-28,551400.0,463344.49,6.703,360,58,302,644.0,90.3,37.0,WA,Condo,Investment,0.00275,30,30 DPD
LN000477,2024-10-09,630500.0,578174.38,6.515,360,31,329,704.0,84.0,40.2,CO,Townhome,Primary,0.0025,0,Current
LN000478,2021-12-20,418000.0,399019.26,6.261,360,19,341,820.0,98.0,20.7,AZ,Condo,Second Home,0.003,0,Current
LN000479,2021-03-29,394200.0,347607.63,6.941,360,50,310,607.0,69.4,34.9,WA,Townhome,Primary,0.00275,0,Current
LN000480,2023-08-29,350900.0,311461.86,7.038,360,49,311,690.0,60.0,21.8,AZ,Single Family,Second Home,0.003,0,Current
LN000481,2026-01-15,226800.0,186097.7,6.769,360,70,290,820.0,86.9,34.0,GA,Townhome,Primary,0.0025,0,Current
LN000482,2025-03-13,436300.0,295247.7,5.697,180,56,124,794.0,73.9,46.0,NC,Single Family,Investment,0.0025,0,Current
LN000483,2023-06-01,288500.0,257341.23,5.72,360,48,312,694.0,82.9,27.0,FL,Single Family,Investment,0.0025,120,120+ DPD
LN000484,2020-09-15,610700.0,573718.52,6.976,360,28,332,736.0,93.8,21.7,GA,Single Family,Primary,0.003,0,Current
LN000485,2020-07-31,441600.0,382799.69,5.03,360,61,299,750.0,80.3,50.1,GA,Single Family,Primary,0.0025,0,Current
LN000486,2020-02-27,446400.0,387776.99,6.153,180,24,156,732.0,77.8,25.8,TN,Single Family,Investment,0.0025,60,60 DPD
LN000487,2022-10-26,327500.0,280829.53,6.536,360,60,300,820.0,78.5,23.0,CO,Single Family,Primary,0.0025,90,90 DPD
LN000488,2022-05-14,176000.0,150027.7,5.112,360,65,295,744.0,58.0,48.0,CA,Condo,Investment,0.0025,0,Current
LN000489,2021-01-23,165900.0,140658.04,6.402,360,64,296,787.0,88.2,25.5,WA,Single Family,Primary,0.0025,0,Current
LN000490,2021-01-16,361700.0,325673.91,6.87,360,38,322,735.0,88.9,48.2,TN,Single Family,Primary,0.0025,0,Current
LN000491,2020-11-18,192300.0,180582.06,5.284,360,24,336,613.0,81.8,37.2,FL,Single Family,Primary,0.00275,0,Current
LN000492,2020-12-23,453400.0,412957.31,7.328,360,33,327,659.0,59.3,45.3,GA,Single Family,Primary,0.0025,0,Current
LN000493,2023-04-16,590500.0,510867.52,5.594,360,57,303,671.0,74.7,36.5,CA,Single Family,Primary,0.00275,0,Current
LN000494,2021-01-16,591500.0,512924.38,6.624,360,54,306,711.0,91.8,43.6,TX,Single Family,Primary,0.0025,0,Current
LN000495,2019-08-30,479500.0,435832.47,6.196,360,42,318,820.0,69.8,27.7,FL,Single Family,Primary,0.0025,0,Current
LN000496,2020-12-08,255600.0,238610.09,6.295,360,31,329,745.0,89.0,30.1,CA,Condo,Primary,0.0025,30,30 DPD
LN000497,2020-03-10,581500.0,484606.48,5.416,240,45,195,719.0,76.6,18.1,GA,Single Family,Primary,0.0025,0,Current
LN000498,2021-02-19,593000.0,473936.81,7.069,180,43,137,793.0,83.8,42.8,CO,Single Family,Investment,0.0025,0,Current
LN000499,2020-04-28,248300.0,210298.67,6.462,360,59,301,645.0,71.5,38.4,WA,Single Family,Investment,0.00275,0,Current
LN000500,2025-08-28,518700.0,489021.26,7.304,360,27,333,698.0,76.9,26.9,WA,Townhome,Primary,0.0025,0,Current
LN000501,2023-03-14,293300.0,279843.13,5.433,360,21,339,690.0,80.8,21.0,NC,Single Family,Second Home,0.0025,30,30 DPD
LN000502,2019-06-19,551300.0,500281.18,6.132,360,33,327,747.0,64.1,37.3,AZ,Single Family,Primary,0.0025,0,Current
LN000503,2021-10-17,648600.0,549159.51,6.386,240,40,200,774.0,79.0,48.4,CA,Single Family,Primary,0.0025,0,Current
LN000504,2021-05-18,165000.0,136292.26,6.289,360,65,295,751.0,46.4,33.9,VA,Single Family,Investment,0.0025,0,Current
LN000505,2025-06-28,598700.0,515331.72,6.683,360,50,310,752.0,69.4,29.7,NC,Single Family,Primary,0.0025,0,Current
LN000506,2021-04-27,461300.0,403193.29,6.124,360,51,309,705.0,82.0,27.5,TX,Single Family,Primary,0.0025,0,Current
LN000507,2023-02-06,636700.0,532884.14,7.629,360,60,300,743.0,88.3,45.0,TN,Single Family,Second Home,0.003,0,Current
LN000508,2020-11-26,382500.0,322726.63,6.276,180,31,149,679.0,81.2,28.8,VA,Single Family,Primary,0.0025,0,Current
LN000509,2025-08-03,573700.0,534648.98,4.75,360,30,330,762.0,60.7,32.0,WA,Single Family,Second Home,0.0025,0,Current
LN000510,2019-02-01,181200.0,136208.96,6.305,240,70,170,697.0,87.4,43.3,NC,Condo,Investment,0.0025,0,Current
LN000511,2019-06-26,317600.0,308894.09,7.07,360,11,349,663.0,63.5,40.1,GA,Townhome,Primary,0.00275,0,Current
LN000512,2024-10-13,183500.0,171439.04,5.65,360,28,332,727.0,82.8,32.3,FL,Condo,Investment,0.0025,0,Current
LN000513,2024-09-05,637700.0,533727.58,5.609,360,69,291,620.0,63.8,29.4,WA,2-4 Unit,Primary,0.00275,0,Current
LN000514,2023-02-11,558500.0,495112.64,5.704,360,48,312,806.0,67.5,46.7,TN,Single Family,Primary,0.0025,0,Current
LN000515,2025-05-04,576300.0,541030.67,5.55,360,28,332,769.0,65.5,26.1,CO,Single Family,Primary,0.0025,0,Current
LN000516,2019-03-07,619000.0,572336.43,5.938,360,35,325,744.0,77.5,33.3,CO,Single Family,Investment,0.0025,0,Current
LN000517,2019-05-13,192600.0,183199.61,6.841,360,23,337,636.0,73.8,23.0,CA,Condo,Primary,0.00275,0,Current
LN000518,2024-04-12,342800.0,323407.56,7.242,360,26,334,686.0,81.6,44.5,VA,Townhome,Primary,0.0025,0,Current
LN000519,2021-07-04,185500.0,158245.44,4.75,360,62,298,727.0,75.8,31.2,WA,Single Family,Primary,0.00275,60,60 DPD
LN000520,2024-10-30,255400.0,227743.88,6.004,240,28,212,711.0,59.3,29.4,TX,Townhome,Primary,0.0025,0,Current
LN000521,2024-03-31,264700.0,235051.98,6.447,360,50,310,632.0,79.0,40.3,GA,Single Family,Primary,0.003,0,Current
LN000522,2024-01-29,384600.0,278186.03,6.382,180,49,131,653.0,56.6,23.6,FL,Townhome,Primary,0.0025,30,30 DPD
LN000523,2022-09-13,284300.0,243541.83,7.485,360,52,308,709.0,66.3,40.1,WA,Single Family,Primary,0.0025,0,Current
LN000524,2020-08-07,200500.0,177789.41,4.943,360,45,315,654.0,72.0,32.1,TN,Single Family,Primary,0.0025,0,Current
LN000525,2025-07-02,233700.0,198536.77,4.75,360,56,304,800.0,71.2,25.4,VA,Single Family,Second Home,0.0025,0,Current
LN000526,2026-02-02,223600.0,198497.65,7.59,360,47,313,752.0,57.9,27.1,FL,Single Family,Primary,0.0025,0,Current
LN000527,2022-02-22,636500.0,620353.41,6.74,360,12,348,681.0,91.1,29.5,FL,Single Family,Primary,0.0025,0,Current
LN000528,2025-03-07,529600.0,446965.49,5.879,360,55,305,789.0,94.1,31.4,CA,Single Family,Investment,0.0025,0,Current
LN000529,2023-10-15,633900.0,560329.01,6.362,360,53,307,778.0,98.0,25.4,CO,Townhome,Primary,0.0025,0,Current
LN000530,2024-12-20,369900.0,358208.91,6.408,360,11,349,741.0,88.6,37.4,TN,Single Family,Investment,0.0025,0,Current
LN000531,2025-01-13,289200.0,278835.47,5.863,360,14,346,723.0,71.7,25.2,VA,Single Family,Primary,0.0025,120,120+ DPD
LN000532,2024-03-07,549100.0,469505.71,6.342,360,62,298,709.0,71.5,18.0,WA,Single Family,Second Home,0.0025,0,Current
LN000533,2025-08-26,313100.0,270894.56,6.481,240,36,204,695.0,70.9,50.4,WA,Condo,Primary,0.0025,0,Current
LN000534,2021-08-31,299700.0,280208.92,7.56,360,26,334,651.0,97.8,36.6,AZ,Single Family,Primary,0.0025,0,Current
LN000535,2022-12-13,266300.0,241101.82,6.876,360,45,315,809.0,74.7,51.1,VA,Single Family,Primary,0.0025,0,Current
LN000536,2025-11-24,214800.0,189243.63,7.381,360,50,310,696.0,90.0,26.7,WA,Single Family,Second Home,0.00275,0,Current
LN000537,2019-08-22,278200.0,237640.12,5.377,360,54,306,727.0,89.1,38.8,TN,Single Family,Primary,0.003,90,90 DPD
LN000538,2023-01-17,327700.0,307150.01,6.024,360,25,335,675.0,78.1,42.2,TX,Condo,Primary,0.0025,0,Current
LN000539,2023-05-13,487000.0,437997.2,6.407,180,22,158,711.0,60.0,33.5,FL,Single Family,Primary,0.0025,0,Current
LN000540,2021-02-09,181300.0,160097.28,5.001,240,33,207,820.0,75.0,23.4,TX,Single Family,Primary,0.0025,0,Current
LN000541,2025-06-06,255300.0,222387.47,7.018,360,46,314,685.0,77.6,32.9,WA,Condo,Primary,0.0025,0,Current
LN000542,2019-11-02,554500.0,455238.02,6.667,360,71,289,805.0,90.1,40.0,GA,Single Family,Primary,0.0025,0,Current
LN000543,2019-01-02,223500.0,206579.08,6.011,360,30,330,723.0,76.2,39.7,TX,Single Family,Second Home,0.0025,0,Current
LN000544,2019-09-28,321300.0,262911.1,6.131,360,63,297,762.0,62.7,35.0,GA,Single Family,Primary,0.0025,0,Current
LN000545,2020-02-25,582300.0,519333.7,7.065,360,46,314,793.0,86.9,42.2,GA,2-4 Unit,Primary,0.0025,90,90 DPD
LN000546,2021-05-13,227500.0,221286.42,5.733,360,11,349,740.0,73.5,41.8,CA,Single Family,Primary,0.0025,0,Current
LN000547,2024-02-20,191400.0,145973.22,7.091,180,43,137,706.0,48.0,30.8,TX,Townhome,Primary,0.0025,0,Current
LN000548,2021-10-06,392300.0,380580.68,6.086,360,11,349,715.0,79.6,22.8,GA,Single Family,Primary,0.0025,0,Current
LN000549,2021-11-26,301200.0,266489.22,6.741,360,50,310,717.0,81.5,36.5,AZ,Single Family,Primary,0.0025,0,Current
LN000550,2019-04-17,431700.0,413579.13,6.306,360,19,341,820.0,66.7,29.0,VA,Condo,Primary,0.0025,0,Current
LN000551,2024-01-23,551900.0,447383.93,7.702,360,71,289,643.0,73.9,36.1,AZ,2-4 Unit,Primary,0.00275,0,Current
LN000552,2025-05-17,218600.0,195994.11,5.673,360,45,315,628.0,83.2,45.8,TN,Single Family,Primary,0.00275,0,Current
LN000553,2022-02-07,440300.0,430253.31,5.877,360,8,352,631.0,79.6,38.5,AZ,Townhome,Second Home,0.0025,0,Current
LN000554,2020-07-02,402800.0,377206.03,5.271,360,29,331,676.0,58.8,45.4,AZ,Townhome,Investment,0.0025,0,Current
LN000555,2026-02-12,222000.0,196973.36,5.537,180,24,156,764.0,89.8,26.9,TN,Single Family,Primary,0.0025,0,Current
LN000556,2023-06-09,462000.0,439377.36,6.714,360,23,337,767.0,94.8,43.7,FL,Single Family,Investment,0.0025,0,Current
LN000557,2024-01-12,286800.0,233974.29,7.29,360,69,291,692.0,70.4,48.4,TX,Single Family,Primary,0.0025,0,Current
LN000558,2025-02-13,393900.0,349372.72,6.787,360,40,320,723.0,55.0,35.5,CO,Single Family,Primary,0.0025,0,Current
LN000559,2023-02-20,191100.0,140911.5,6.246,240,67,173,664.0,84.5,53.6,NC,Townhome,Primary,0.0025,0,Current
LN000560,2022-10-09,379800.0,373271.71,5.669,360,6,354,669.0,68.6,28.1,GA,Townhome,Primary,0.0025,0,Current
LN000561,2019-01-19,303200.0,263351.88,6.834,180,30,150,757.0,81.9,29.9,NC,Single Family,Second Home,0.003,0,Current
LN000562,2021-05-08,561200.0,500690.16,5.633,360,50,310,783.0,98.0,40.2,TX,Single Family,Primary,0.00275,0,Current
LN000563,2022-11-17,178500.0,151684.2,5.373,360,54,306,699.0,59.0,35.4,TX,Townhome,Primary,0.0025,0,Current
LN000564,2022-07-08,359300.0,338201.38,6.049,360,21,339,815.0,67.2,29.1,CO,Single Family,Primary,0.0025,0,Current
LN000565,2020-02-14,379200.0,353937.4,4.928,360,24,336,778.0,73.9,40.0,CA,Townhome,Primary,0.0025,0,Current
LN000566,2022-11-27,512500.0,473049.88,5.352,360,28,332,813.0,90.2,37.8,GA,Single Family,Primary,0.0025,120,120+ DPD
LN000567,2023-08-21,437100.0,405823.0,7.476,360,30,330,708.0,98.0,30.3,FL,Condo,Primary,0.0025,120,120+ DPD
LN000568,2025-12-06,483600.0,460602.12,5.232,360,21,339,809.0,78.7,36.5,FL,Single Family,Primary,0.003,0,Current
LN000569,2020-09-15,538500.0,447718.13,5.478,360,59,301,820.0,58.0,41.1,TN,Condo,Second Home,0.0025,0,Current
LN000570,2020-10-17,581100.0,572944.26,6.297,360,6,354,702.0,72.2,30.1,CA,Single Family,Investment,0.00275,120,120+ DPD
LN000571,2021-02-06,306900.0,272060.42,6.331,360,47,313,717.0,67.5,39.1,AZ,Single Family,Primary,0.0025,0,Current
LN000572,2019-01-18,419000.0,392187.7,6.097,360,24,336,673.0,83.9,28.1,VA,Single Family,Investment,0.00275,0,Current
LN000573,2025-02-09,570100.0,466588.0,4.948,180,39,141,662.0,80.1,29.6,FL,Condo,Primary,0.0025,0,Current
LN000574,2025-09-18,644700.0,537707.84,6.802,360,60,300,663.0,64.5,43.9,GA,Townhome,Primary,0.0025,0,Current
LN000575,2025-12-01,594800.0,565500.75,5.962,360,23,337,680.0,66.8,39.9,TN,Single Family,Primary,0.0025,0,Current
LN000576,2023-12-22,335700.0,299792.37,7.043,360,39,321,740.0,72.0,19.9,WA,Single Family,Primary,0.0025,0,Current
LN000577,2023-11-16,247600.0,215599.23,5.831,360,50,310,683.0,73.4,32.0,TX,Single Family,Investment,0.0025,0,Current
LN000578,2019-01-08,394700.0,383581.65,6.889,360,11,349,738.0,75.5,38.9,WA,Condo,Primary,0.0025,0,Current
LN000579,2020-12-05,520800.0,487417.67,7.092,360,26,334,740.0,76.5,36.1,FL,Single Family,Primary,0.0025,0,Current
LN000580,2022-09-03,396300.0,323389.02,5.946,240,53,187,699.0,89.6,39.9,TX,Single Family,Primary,0.0025,0,Current
LN000581,2022-03-05,391600.0,349039.9,6.822,360,44,316,722.0,71.6,35.9,FL,Single Family,Primary,0.0025,0,Current
LN000582,2020-06-14,569100.0,518734.16,5.386,360,36,324,696.0,70.0,33.9,WA,Single Family,Investment,0.0025,0,Current
LN000583,2024-07-14,330700.0,317952.53,6.421,360,15,345,708.0,61.3,33.7,FL,Single Family,Primary,0.0025,0,Current
LN000584,2025-10-29,579900.0,532853.15,7.044,360,35,325,681.0,73.5,43.7,CA,Single Family,Primary,0.0025,0,Current
LN000585,2023-09-12,353400.0,335940.66,6.587,360,23,337,730.0,78.8,40.6,GA,2-4 Unit,Primary,0.0025,0,Current
LN000586,2025-02-21,314100.0,269097.11,7.814,360,65,295,692.0,57.0,38.2,TX,Single Family,Primary,0.0025,30,30 DPD
LN000587,2023-10-27,377000.0,356898.5,6.623,360,20,340,661.0,72.2,35.7,CO,Condo,Primary,0.0025,0,Current
LN000588,2022-09-08,531200.0,516125.59,6.013,240,9,231,758.0,88.8,30.6,TX,Single Family,Primary,0.0025,0,Current
LN000589,2023-12-02,213000.0,172487.73,8.097,360,68,292,760.0,83.1,32.5,TX,Single Family,Primary,0.0025,0,Current
LN000590,2023-08-13,248200.0,218468.15,7.312,360,45,315,786.0,80.1,43.5,TX,Condo,Primary,0.00275,0,Current
LN000591,2023-12-08,625700.0,601843.51,5.208,360,14,346,669.0,82.8,42.8,TX,Condo,Second Home,0.0025,0,Current
LN000592,2019-02-13,237700.0,228448.76,5.74,360,14,346,699.0,69.7,29.8,GA,2-4 Unit,Second Home,0.0025,0,Current
LN000593,2020-05-03,433900.0,404501.82,5.575,360,31,329,738.0,68.2,35.8,TX,Single Family,Primary,0.0025,0,Current
LN000594,2019-06-30,439700.0,428743.39,6.67,360,9,351,697.0,90.0,39.0,CA,Single Family,Primary,0.003,0,Current
LN000595,2025-08-18,394800.0,374040.93,6.621,360,21,339,756.0,85.1,38.5,TN,Condo,Primary,0.0025,0,Current
LN000596,2020-09-19,472400.0,432416.96,6.616,240,20,220,752.0,67.8,38.4,FL,Single Family,Primary,0.0025,0,Current
LN000597,2021-08-14,264900.0,222287.43,5.191,360,57,303,751.0,55.3,26.1,GA,Single Family,Primary,0.0025,0,Current
LN000598,2024-10-15,426300.0,417332.86,5.835,360,10,350,805.0,68.0,25.6,TX,Single Family,Primary,0.0025,0,Current
LN000599,2023-03-29,336100.0,315913.94,6.153,360,25,335,760.0,82.0,44.4,TX,Single Family,Primary,0.0025,0,Current
LN000600,2022-01-20,480800.0,452910.73,5.066,360,23,337,733.0,68.8,47.1,CO,Townhome,Primary,0.0025,0,Current
LN000601,2023-11-17,220600.0,216509.98,5.683,360,7,353,714.0,79.6,23.1,TX,Single Family,Primary,0.0025,0,Current
LN000602,2020-10-12,435400.0,417203.42,7.132,360,18,342,718.0,91.6,34.8,CA,Single Family,Primary,0.00275,0,Current
LN000603,2024-02-20,242600.0,237592.48,5.24,360,9,351,666.0,75.0,41.5,TX,Single Family,Primary,0.0025,60,60 DPD
LN000604,2022-06-21,289300.0,240328.93,7.196,240,47,193,628.0,78.6,18.0,CO,Single Family,Primary,0.0025,0,Current
LN000605,2019-12-07,259400.0,216585.61,6.959,360,66,294,751.0,83.5,26.4,TX,Single Family,Primary,0.0025,0,Current
LN000606,2023-12-14,241400.0,232374.68,6.061,360,13,347,792.0,64.1,34.3,FL,Single Family,Primary,0.0025,0,Current
LN000607,2025-09-11,562900.0,452725.55,5.828,360,72,288,707.0,67.5,30.2,TX,Single Family,Primary,0.003,0,Current
LN000608,2024-11-14,292900.0,244280.1,6.791,360,68,292,812.0,84.0,36.7,CA,Townhome,Primary,0.00275,0,Current
LN000609,2022-09-16,613600.0,595314.14,5.738,360,14,346,715.0,76.4,46.8,AZ,Single Family,Primary,0.00275,0,Current
LN000610,2020-03-24,635000.0,612406.53,5.77,360,16,344,618.0,77.3,28.2,NC,Single Family,Primary,0.003,0,Current
LN000611,2022-12-12,435600.0,385168.97,6.234,360,47,313,776.0,76.4,35.4,CO,Townhome,Second Home,0.0025,0,Current
LN000612,2019-03-18,221500.0,210489.81,4.865,360,18,342,699.0,86.8,32.2,VA,Condo,Primary,0.0025,0,Current
LN000613,2021-06-14,337300.0,304101.66,5.308,360,41,319,780.0,80.8,75.0,GA,Single Family,Primary,0.0025,0,Current
LN000614,2020-07-02,548900.0,523882.54,6.045,360,18,342,655.0,80.9,35.0,CO,Single Family,Primary,0.0025,0,Current
LN000615,2021-03-08,333700.0,317665.53,6.559,360,17,343,748.0,89.4,56.1,TN,Single Family,Primary,0.00275,0,Current
LN000616,2022-12-23,193500.0,170380.06,5.729,360,42,318,681.0,93.7,46.9,WA,Condo,Primary,0.0025,0,Current
LN000617,2023-02-17,428400.0,373136.69,6.122,360,57,303,736.0,98.0,22.4,CO,2-4 Unit,Primary,0.0025,0,Current
LN000618,2021-03-25,572600.0,564103.97,5.201,360,7,353,767.0,69.6,27.8,CA,Condo,Primary,0.003,0,Current
LN000619,2024-12-22,548000.0,469850.61,6.856,360,61,299,754.0,98.0,28.8,VA,Single Family,Second Home,0.0025,0,Current
LN000620,2023-05-03,237600.0,155340.05,6.393,180,65,115,729.0,63.9,25.1,NC,Condo,Primary,0.00275,0,Current
LN000621,2020-10-07,486400.0,447232.18,6.451,360,28,332,649.0,97.3,24.1,TX,Single Family,Second Home,0.0025,0,Current
LN000622,2023-12-31,260300.0,235144.95,6.567,360,45,315,765.0,69.0,33.6,TX,Single Family,Investment,0.0025,0,Current
LN000623,2020-12-20,259100.0,221430.02,6.301,360,69,291,782.0,75.2,29.1,CA,Single Family,Primary,0.0025,0,Current
LN000624,2023-03-03,587000.0,494296.93,5.936,180,28,152,668.0,76.2,27.9,FL,2-4 Unit,Investment,0.0025,120,120+ DPD
LN000625,2025-12-06,274800.0,236864.91,6.984,240,34,206,676.0,66.5,51.2,GA,Single Family,Primary,0.0025,0,Current
LN000626,2021-12-05,281600.0,235707.2,6.352,360,56,304,784.0,77.0,29.6,CA,Condo,Investment,0.0025,30,30 DPD
LN000627,2023-01-06,150300.0,137238.36,6.142,360,36,324,714.0,67.0,31.5,FL,Single Family,Primary,0.00275,0,Current
LN000628,2020-10-09,585300.0,507073.29,6.244,360,55,305,677.0,62.4,40.9,NC,Single Family,Primary,0.0025,0,Current
LN000629,2021-03-02,546300.0,515885.75,6.231,360,25,335,740.0,75.6,31.4,CO,Single Family,Primary,0.0025,0,Current
LN000630,2020-08-01,463700.0,403051.58,6.136,360,60,300,690.0,93.5,25.7,TX,Single Family,Primary,0.0025,0,Current
LN000631,2024-08-10,525100.0,515669.63,6.54,360,7,353,734.0,73.2,32.9,NC,Condo,Primary,0.00275,0,Current
LN000632,2024-11-26,226000.0,209816.79,5.642,360,30,330,702.0,86.4,51.1,TN,Single Family,Primary,0.0025,0,Current
LN000633,2020-04-04,379200.0,364523.16,5.689,360,18,342,707.0,66.7,31.1,AZ,Condo,Primary,0.0025,0,Current
LN000634,2025-05-02,325600.0,259431.82,6.614,360,72,288,786.0,61.9,27.7,AZ,Townhome,Primary,0.0025,0,Current
LN000635,2022-03-07,196900.0,155059.62,6.156,240,63,177,589.0,81.0,38.4,TX,Townhome,Primary,0.0025,0,Current
LN000636,2019-02-13,393100.0,246242.87,6.881,180,69,111,756.0,95.3,32.6,FL,Single Family,Primary,0.00275,0,Current
LN000637,2023-03-14,610400.0,519825.48,6.516,360,64,296,777.0,78.3,56.9,AZ,Single Family,Investment,0.0025,0,Current
LN000638,2021-09-09,170000.0,139493.67,5.891,360,65,295,691.0,85.1,28.7,TX,Single Family,Primary,0.0025,0,Current
LN000639,2025-04-28,295700.0,252470.49,6.624,360,67,293,777.0,92.4,48.9,CA,2-4 Unit,Investment,0.00275,0,Current
LN000640,2020-09-24,253800.0,239338.16,7.028,360,21,339,672.0,75.6,44.3,CA,Townhome,Primary,0.0025,0,Current
LN000641,2025-01-08,269100.0,257447.44,6.541,360,20,340,689.0,74.3,31.9,CO,Single Family,Primary,0.00275,0,Current
LN000642,2025-03-10,604200.0,515173.67,6.683,360,60,300,682.0,81.2,35.0,CA,Townhome,Primary,0.0025,0,Current
LN000643,2022-06-11,384000.0,342604.74,6.138,360,40,320,777.0,83.2,26.8,TX,Single Family,Second Home,0.0025,0,Current
LN000644,2020-09-14,383100.0,331894.5,6.895,360,60,300,629.0,60.6,30.7,CA,Condo,Primary,0.0025,0,Current
LN000645,2024-05-31,530300.0,506910.4,5.873,360,19,341,815.0,79.3,31.9,TX,Single Family,Primary,0.003,0,Current
LN000646,2019-12-27,227200.0,192798.62,6.47,360,54,306,708.0,76.0,36.3,TN,Condo,Primary,0.0025,120,120+ DPD
LN000647,2025-06-25,393600.0,380276.17,7.92,360,12,348,759.0,67.3,23.7,GA,Single Family,Investment,0.0025,0,Current
LN000648,2025-03-19,365000.0,337907.04,6.6,360,35,325,754.0,75.2,37.5,GA,Townhome,Primary,0.0025,0,Current
LN000649,2019-07-29,448500.0,394651.26,5.977,360,54,306,733.0,63.2,33.8,VA,Townhome,Primary,0.0025,0,Current
LN000650,2021-07-19,649800.0,620035.42,5.975,360,21,339,692.0,59.4,38.2,FL,Condo,Primary,0.0025,0,Current
LN000651,2023-05-26,534700.0,467834.51,6.204,360,56,304,793.0,76.7,39.4,CO,Single Family,Primary,0.0025,0,Current
LN000652,2020-05-03,348900.0,301479.02,6.803,360,47,313,697.0,85.9,33.2,AZ,Single Family,Primary,0.0025,0,Current
LN000653,2020-08-23,563800.0,532257.07,6.345,360,22,338,685.0,72.2,38.9,GA,Single Family,Primary,0.0025,0,Current
LN000654,2021-02-12,235400.0,156214.72,5.828,180,68,112,773.0,65.4,34.3,NC,Single Family,Primary,0.0025,0,Current
LN000655,2021-05-27,165200.0,141215.25,5.827,360,50,310,733.0,67.1,40.9,FL,Single Family,Primary,0.00275,0,Current
LN000656,2023-01-27,252200.0,244490.36,6.349,360,12,348,800.0,82.0,37.5,TX,Townhome,Primary,0.0025,0,Current
LN000657,2020-11-30,320200.0,279712.4,6.278,240,32,208,722.0,94.3,36.4,CA,Single Family,Second Home,0.0025,0,Current
LN000658,2025-11-04,405300.0,376596.95,6.546,180,15,165,689.0,84.5,34.2,CA,Single Family,Second Home,0.00275,0,Current
LN000659,2025-09-26,457600.0,393305.78,6.846,240,39,201,740.0,90.3,45.4,GA,Single Family,Primary,0.0025,0,Current
LN000660,2024-05-11,605300.0,541304.26,8.023,360,41,319,700.0,64.5,38.2,AZ,Single Family,Primary,0.0025,0,Current
LN000661,2025-11-28,404900.0,378887.34,5.3,360,30,330,691.0,75.2,24.4,CA,Single Family,Primary,0.0025,90,90 DPD
LN000662,2019-09-13,400600.0,390479.94,6.696,360,11,349,771.0,87.2,31.2,WA,Single Family,Investment,0.0025,0,Current
LN000663,2022-03-19,175100.0,163688.22,6.314,360,29,331,820.0,60.6,33.2,GA,Townhome,Primary,0.0025,30,30 DPD
LN000664,2024-12-14,167500.0,159422.93,5.051,360,23,337,711.0,68.8,35.0,TX,Single Family,Primary,0.0025,0,Current
LN000665,2020-01-27,425600.0,413752.04,7.062,360,11,349,671.0,86.4,36.4,TX,2-4 Unit,Primary,0.0025,0,Current
LN000666,2025-12-02,369100.0,337088.02,6.524,360,34,326,717.0,78.8,27.4,TX,Townhome,Primary,0.0025,0,Current
LN000667,2021-09-19,569600.0,528532.71,6.77,360,30,330,753.0,65.4,34.5,TX,Single Family,Primary,0.0025,0,Current
LN000668,2025-09-15,230300.0,182477.15,5.145,240,60,180,739.0,58.1,32.5,TX,Townhome,Primary,0.003,0,Current
LN000669,2025-05-10,162500.0,140731.09,6.107,360,51,309,791.0,90.7,43.7,TX,Single Family,Primary,0.00275,0,Current
LN000670,2021-04-24,374500.0,350655.24,5.549,360,29,331,762.0,53.4,27.0,CA,Townhome,Primary,0.0025,0,Current
LN000671,2019-05-19,268700.0,247746.54,7.656,360,31,329,664.0,83.0,34.9,TX,Single Family,Primary,0.0025,0,Current
LN000672,2019-04-13,174800.0,159090.37,6.994,360,33,327,698.0,70.1,29.5,TN,Townhome,Primary,0.0025,0,Current
LN000673,2022-06-19,512300.0,503200.53,5.807,360,8,352,649.0,87.5,49.9,CO,Townhome,Primary,0.00275,0,Current
LN000674,2022-02-14,205800.0,181808.84,5.251,360,43,317,788.0,64.5,45.1,AZ,Townhome,Primary,0.0025,0,Current
LN000675,2022-05-22,454200.0,372742.09,6.376,360,66,294,615.0,98.0,21.9,FL,Townhome,Investment,0.0025,0,Current
LN000676,2020-04-28,290500.0,221091.86,6.96,180,56,124,654.0,80.4,28.6,WA,Single Family,Primary,0.0025,0,Current
LN000677,2026-01-20,236700.0,210368.0,5.122,360,53,307,697.0,82.2,42.0,TX,Single Family,Primary,0.0025,0,Current
LN000678,2019-08-12,339900.0,314316.2,5.644,360,26,334,756.0,67.5,38.7,FL,Single Family,Primary,0.0025,0,Current
LN000679,2022-07-17,550700.0,477773.75,5.531,360,59,301,696.0,74.5,38.4,WA,Single Family,Primary,0.0025,0,Current
LN000680,2024-01-23,346000.0,287569.11,6.814,360,61,299,705.0,74.8,36.5,TN,Condo,Primary,0.0025,0,Current
LN000681,2024-02-28,525400.0,439602.86,6.01,360,64,296,706.0,95.8,42.6,VA,Single Family,Primary,0.0025,0,Current
LN000682,2024-12-01,212700.0,185259.85,6.037,360,56,304,735.0,80.4,41.2,TX,2-4 Unit,Second Home,0.0025,0,Current
LN000683,2023-01-04,536400.0,507010.08,6.364,360,25,335,658.0,82.0,32.7,TX,Condo,Primary,0.0025,0,Current
LN000684,2020-10-05,268500.0,225587.58,5.679,360,64,296,673.0,81.9,25.4,GA,Townhome,Primary,0.0025,30,30 DPD
LN000685,2022-06-09,488700.0,472123.72,5.312,360,14,346,817.0,82.9,21.5,WA,Single Family,Primary,0.0025,0,Current
LN000686,2020-04-02,432900.0,425976.01,7.14,360,6,354,747.0,60.7,34.2,AZ,Townhome,Primary,0.0025,0,Current
LN000687,2025-08-19,614600.0,555320.94,7.201,360,34,326,767.0,98.0,20.3,AZ,Townhome,Primary,0.003,0,Current
LN000688,2023-06-16,343700.0,279325.89,6.367,360,68,292,728.0,66.3,37.0,CA,Single Family,Primary,0.003,0,Current
LN000689,2020-09-02,183100.0,157276.56,6.414,360,61,299,717.0,75.6,32.5,VA,Single Family,Primary,0.0025,0,Current
LN000690,2019-07-26,159600.0,141624.08,7.07,360,40,320,750.0,92.8,50.6,TX,Condo,Primary,0.0025,0,Current
LN000691,2023-03-24,563400.0,544619.67,6.352,240,8,232,765.0,97.3,37.7,CA,Single Family,Primary,0.003,0,Current
LN000692,2023-01-06,412400.0,398258.24,5.978,360,12,348,772.0,84.9,34.8,FL,Single Family,Primary,0.0025,0,Current
LN000693,2021-07-05,537600.0,473976.96,6.276,240,32,208,718.0,70.4,22.1,AZ,Single Family,Primary,0.0025,0,Current
LN000694,2025-06-26,267200.0,262833.18,7.156,360,6,354,778.0,77.4,24.9,TX,Single Family,Primary,0.0025,0,Current
LN000695,2024-11-10,322500.0,281786.73,6.285,360,49,311,589.0,77.8,40.5,TX,Single Family,Investment,0.0025,0,Current
LN000696,2022-12-02,165100.0,147312.8,5.815,360,46,314,774.0,78.2,32.5,GA,Single Family,Primary,0.00275,0,Current
LN000697,2022-03-27,630700.0,544379.11,6.346,360,47,313,702.0,62.5,55.3,CA,Single Family,Primary,0.0025,30,30 DPD
LN000698,2024-11-16,483900.0,445004.25,6.677,360,38,322,755.0,89.9,34.3,GA,Single Family,Primary,0.0025,0,Current
LN000699,2025-03-22,616600.0,541361.96,6.599,360,55,305,689.0,77.5,36.4,TX,2-4 Unit,Primary,0.0025,0,Current
LN000700,2021-05-01,282700.0,228352.6,6.609,360,68,292,652.0,68.1,24.5,FL,Single Family,Primary,0.0025,0,Current
LN000701,2020-03-16,455700.0,414860.3,5.713,360,42,318,744.0,70.5,42.6,AZ,2-4 Unit,Primary,0.0025,0,Current
LN000702,2020-12-20,489200.0,400835.59,6.751,360,64,296,642.0,79.0,27.6,CO,Single Family,Investment,0.0025,0,Current
LN000703,2020-08-07,308800.0,264948.67,6.269,360,53,307,703.0,60.6,39.2,CA,Single Family,Primary,0.0025,0,Current
LN000704,2024-07-07,574100.0,561964.08,5.787,360,10,350,680.0,85.7,41.5,TX,Single Family,Primary,0.00275,0,Current
LN000705,2019-03-05,623600.0,542919.69,6.745,360,53,307,715.0,78.6,35.8,CO,Single Family,Primary,0.00275,0,Current
LN000706,2021-02-06,592400.0,579547.01,5.955,360,8,352,769.0,93.2,49.1,WA,Single Family,Second Home,0.00275,0,Current
LN000707,2020-07-13,519500.0,450094.27,5.227,360,52,308,698.0,76.9,30.1,CA,Condo,Primary,0.0025,0,Current
LN000708,2023-09-30,288700.0,233316.9,5.6,360,67,293,742.0,64.1,48.4,VA,Single Family,Primary,0.00275,0,Current
LN000709,2020-10-31,290800.0,275294.24,6.132,360,19,341,766.0,62.8,24.8,TX,Single Family,Primary,0.0025,60,60 DPD
LN000710,2023-03-23,631700.0,530301.6,6.626,360,68,292,692.0,71.7,41.4,NC,Condo,Primary,0.0025,0,Current
LN000711,2022-06-25,155100.0,133051.84,5.688,360,66,294,692.0,72.9,33.9,VA,Single Family,Primary,0.0025,0,Current
LN000712,2025-08-12,508000.0,403019.05,6.094,180,36,144,800.0,69.8,29.3,GA,Single Family,Primary,0.0025,0,Current
LN000713,2020-09-09,503100.0,475270.06,5.459,360,22,338,721.0,77.4,21.7,FL,Townhome,Primary,0.0025,0,Current
LN000714,2024-06-17,461300.0,432600.4,6.888,360,29,331,753.0,69.5,32.9,FL,Single Family,Primary,0.0025,0,Current
LN000715,2022-01-26,645100.0,595177.8,7.366,360,28,332,753.0,78.8,32.4,CA,Single Family,Primary,0.0025,30,30 DPD
LN000716,2022-07-15,305900.0,258672.14,7.296,360,55,305,659.0,70.3,36.4,WA,2-4 Unit,Primary,0.0025,0,Current
LN000717,2021-12-19,320000.0,293210.24,6.877,360,32,328,683.0,82.9,40.8,VA,Single Family,Primary,0.0025,0,Current
LN000718,2025-12-22,189500.0,180190.78,6.811,360,20,340,746.0,72.6,28.5,WA,Condo,Investment,0.0025,0,Current
LN000719,2025-09-24,371400.0,263743.82,4.903,180,55,125,611.0,89.7,49.1,TX,2-4 Unit,Second Home,0.003,0,Current
LN000720,2022-03-09,280500.0,249767.95,6.365,360,41,319,713.0,83.2,30.7,NC,Single Family,Primary,0.0025,0,Current
LN000721,2024-04-16,321700.0,309875.01,5.928,360,13,347,677.0,78.1,39.8,WA,Single Family,Investment,0.0025,0,Current
LN000722,2022-09-13,567300.0,554229.93,6.822,360,8,352,786.0,73.7,35.7,TX,Single Family,Second Home,0.0025,0,Current
LN000723,2020-04-08,617700.0,513741.35,4.75,360,67,293,744.0,59.3,33.4,CO,Single Family,Second Home,0.00275,0,Current
LN000724,2023-07-19,242900.0,208181.15,6.375,360,52,308,791.0,91.5,35.3,NC,Single Family,Primary,0.0025,0,Current
LN000725,2024-05-02,336300.0,272218.7,6.111,360,66,294,723.0,68.5,27.5,AZ,Condo,Primary,0.0025,0,Current
LN000726,2025-01-19,614300.0,513866.04,6.977,180,37,143,719.0,77.0,31.9,TN,Single Family,Primary,0.00275,0,Current
LN000727,2019-03-01,180900.0,174066.68,7.256,360,18,342,708.0,79.8,24.3,TX,Single Family,Primary,0.0025,0,Current
LN000728,2019-11-29,196200.0,189590.09,5.646,180,6,174,697.0,74.0,30.6,VA,2-4 Unit,Primary,0.0025,0,Current
LN000729,2019-03-17,231400.0,211130.2,5.676,360,39,321,820.0,90.9,31.3,TX,Townhome,Primary,0.0025,0,Current
LN000730,2023-11-14,447600.0,384060.91,6.4,360,67,293,769.0,62.6,41.8,TX,Single Family,Primary,0.0025,0,Current
LN000731,2025-06-22,225200.0,207228.39,7.377,360,36,324,666.0,95.1,32.3,TX,Single Family,Primary,0.0025,0,Current
LN000732,2019-07-09,634000.0,528859.59,6.289,360,69,291,820.0,83.4,31.4,VA,Condo,Primary,0.0025,0,Current
LN000733,2024-03-27,373400.0,348015.65,5.419,360,30,330,703.0,73.3,36.8,GA,Single Family,Primary,0.0025,30,30 DPD
LN000734,2019-10-23,400800.0,360510.95,5.856,360,43,317,743.0,73.4,36.4,AZ,Single Family,Investment,0.0025,0,Current
LN000735,2025-12-23,273300.0,243223.07,6.382,180,19,161,777.0,51.6,30.3,CA,Single Family,Investment,0.0025,0,Current
LN000736,2019-06-26,385500.0,372117.6,6.406,360,13,347,640.0,66.7,38.2,TN,Townhome,Second Home,0.0025,0,Current
LN000737,2021-03-10,481000.0,329068.68,5.792,180,59,121,679.0,72.1,33.6,FL,Single Family,Investment,0.0025,0,Current
LN000738,2021-03-16,525600.0,517644.69,5.843,360,7,353,816.0,77.9,30.3,VA,Single Family,Primary,0.0025,0,Current
LN000739,2023-10-09,526900.0,440331.21,5.612,360,61,299,713.0,89.9,31.0,FL,Single Family,Investment,0.0025,0,Current
LN000740,2019-08-03,438900.0,360703.85,6.992,360,66,294,780.0,98.0,42.6,CA,Single Family,Primary,0.0025,0,Current
LN000741,2024-02-23,602200.0,559387.03,5.707,360,27,333,700.0,79.0,31.3,FL,Townhome,Primary,0.0025,30,30 DPD
LN000742,2020-08-19,558700.0,507887.42,5.948,360,40,320,720.0,78.3,37.1,CA,Condo,Primary,0.0025,0,Current
LN000743,2023-09-14,528500.0,501465.57,5.929,360,21,339,820.0,70.6,24.7,NC,Condo,Primary,0.0025,0,Current
LN000744,2022-09-17,177800.0,150530.64,5.206,360,55,305,749.0,57.1,43.9,AZ,Single Family,Primary,0.003,0,Current
LN000745,2019-05-08,153400.0,133947.64,5.689,360,48,312,706.0,69.3,30.3,TX,Single Family,Primary,0.0025,30,30 DPD
LN000746,2022-07-16,256200.0,241015.68,7.048,360,22,338,687.0,73.7,38.2,TN,Single Family,Second Home,0.0025,120,120+ DPD
LN000747,2026-02-11,481800.0,403706.41,5.464,360,63,297,692.0,86.7,33.0,FL,Single Family,Primary,0.0025,0,Current
LN000748,2023-04-08,355600.0,349481.57,5.624,360,7,353,793.0,81.7,38.1,AZ,Single Family,Primary,0.0025,0,Current
LN000749,2023-11-13,351200.0,342615.66,5.384,360,9,351,767.0,78.4,38.5,TN,Condo,Second Home,0.0025,0,Current
LN000750,2020-09-10,592300.0,536530.64,6.191,360,44,316,662.0,69.6,33.8,GA,Single Family,Primary,0.0025,0,Current
LN000751,2025-07-23,597800.0,580411.61,7.476,360,11,349,730.0,54.2,20.1,TX,Single Family,Primary,0.0025,0,Current
LN000752,2019-05-22,604600.0,516499.59,6.164,180,25,155,721.0,54.9,43.7,WA,Single Family,Primary,0.0025,90,90 DPD
LN000753,2019-09-02,306900.0,249015.27,6.293,360,69,291,742.0,57.7,33.9,GA,Single Family,Primary,0.0025,0,Current
LN000754,2022-08-06,495500.0,471302.33,5.733,360,21,339,692.0,72.8,37.9,CA,Single Family,Primary,0.0025,0,Current
LN000755,2023-09-11,285800.0,211702.59,6.21,180,56,124,785.0,86.9,40.5,TX,2-4 Unit,Investment,0.0025,0,Current
LN000756,2022-02-09,245300.0,218107.84,7.049,360,42,318,725.0,86.6,31.3,VA,Townhome,Primary,0.0025,0,Current
LN000757,2025-03-11,242300.0,210073.06,6.343,360,47,313,746.0,84.7,39.1,GA,2-4 Unit,Primary,0.00275,0,Current
LN000758,2024-03-24,321100.0,270036.3,7.636,360,62,298,682.0,70.3,29.0,AZ,Single Family,Investment,0.0025,0,Current
LN000759,2025-02-25,365000.0,299620.72,7.069,360,71,289,685.0,88.6,38.1,TN,Single Family,Primary,0.0025,0,Current
LN000760,2025-09-18,565500.0,547948.12,6.194,360,14,346,820.0,65.8,35.2,VA,Single Family,Primary,0.00275,0,Current
LN000761,2020-02-25,209900.0,171091.85,6.181,360,69,291,820.0,85.4,31.6,TX,Single Family,Primary,0.0025,0,Current
LN000762,2019-01-07,517500.0,480213.24,7.31,360,27,333,721.0,57.6,35.4,CA,Townhome,Primary,0.0025,0,Current
LN000763,2023-03-29,415700.0,368860.62,6.339,360,39,321,809.0,63.1,26.6,TX,Single Family,Primary,0.00275,0,Current
LN000764,2025-05-22,294000.0,252837.17,7.166,360,60,300,792.0,94.2,37.5,NC,Single Family,Primary,0.0025,0,Current
LN000765,2020-11-01,396400.0,359825.78,7.552,360,34,326,691.0,73.8,38.3,CO,Single Family,Primary,0.0025,0,Current
LN000766,2025-09-02,300000.0,268458.8,6.117,360,43,317,685.0,68.5,37.8,AZ,Single Family,Investment,0.0025,0,Current
LN000767,2020-02-20,448000.0,421737.91,6.479,360,23,337,762.0,88.1,47.0,VA,Condo,Primary,0.0025,0,Current
LN000768,2021-10-03,366900.0,295919.6,6.887,360,70,290,739.0,89.4,34.2,TN,Single Family,Primary,0.003,0,Current
LN000769,2023-10-03,232200.0,229039.76,6.749,360,6,354,703.0,71.2,34.8,CA,Single Family,Primary,0.0025,0,Current
LN000770,2020-03-03,208300.0,199417.46,6.744,180,9,171,765.0,79.1,25.6,VA,Single Family,Primary,0.003,0,Current
LN000771,2019-11-30,423300.0,412908.06,5.383,360,9,351,646.0,77.5,47.6,TX,Single Family,Primary,0.0025,0,Current
LN000772,2025-05-08,601200.0,551974.42,5.699,360,32,328,731.0,45.0,23.0,TN,Townhome,Primary,0.0025,60,60 DPD
LN000773,2025-06-24,322000.0,288609.59,5.928,360,48,312,657.0,60.6,36.8,TX,Townhome,Second Home,0.0025,0,Current
LN000774,2020-06-10,516500.0,435783.15,7.039,360,64,296,659.0,86.4,30.1,FL,2-4 Unit,Primary,0.0025,0,Current
LN000775,2022-04-10,479300.0,433684.45,5.447,360,37,323,686.0,66.8,35.5,VA,Townhome,Primary,0.0025,0,Current
LN000776,2023-10-20,615800.0,516069.91,7.24,240,38,202,745.0,81.8,24.5,TX,Single Family,Primary,0.0025,30,30 DPD
LN000777,2023-07-31,560500.0,519060.32,6.757,360,33,327,688.0,78.9,42.1,TX,Condo,Primary,0.00275,0,Current
LN000778,2025-06-26,433300.0,361676.53,7.0,360,60,300,658.0,89.4,27.4,NC,Single Family,Primary,0.003,0,Unknown
LN000779,2023-04-05,478500.0,410317.5,5.646,360,65,295,751.0,61.0,44.3,NC,Single Family,Primary,0.0025,0,Current
LN000780,2024-07-21,599200.0,507457.59,6.297,360,67,293,807.0,80.3,27.6,GA,Townhome,Primary,0.0025,0,Current
LN000781,2023-07-13,349800.0,318612.3,6.444,360,39,321,760.0,75.3,42.8,NC,Single Family,Primary,0.00275,0,Current
LN000782,2020-03-29,313400.0,232689.22,6.416,240,61,179,820.0,67.3,28.4,AZ,Townhome,Second Home,0.0025,0,Current
LN000783,2021-01-15,155400.0,149108.59,6.442,360,18,342,803.0,67.2,30.1,TX,Single Family,Investment,0.0025,0,Current
LN000784,2024-03-18,563300.0,469179.8,6.07,360,61,299,698.0,78.5,35.0,CA,Condo,Second Home,0.003,0,Current
LN000785,2021-07-17,550500.0,503623.86,6.338,240,23,217,760.0,82.9,28.2,TX,Condo,Second Home,0.0025,0,Current
LN000786,2021-04-27,202200.0,167413.79,6.922,360,59,301,720.0,76.7,28.0,TN,Townhome,Primary,0.0025,0,Current
LN000787,2021-05-17,438400.0,379845.69,5.492,360,48,312,783.0,77.0,28.3,GA,Condo,Investment,0.0025,0,Current
LN000788,2021-02-12,382000.0,336622.56,7.256,360,44,316,720.0,70.5,37.6,FL,Single Family,Primary,0.0025,0,Current
LN000789,2024-10-31,209400.0,131758.69,6.888,180,66,114,682.0,71.2,35.0,FL,Single Family,Investment,0.0025,0,Current
LN000790,2020-06-26,640300.0,483106.96,5.623,180,47,133,801.0,67.3,35.4,WA,Single Family,Investment,0.0025,0,Current
LN000791,2019-11-18,257300.0,232565.75,6.499,240,23,217,742.0,70.3,32.4,TX,Single Family,Primary,0.003,0,Current
LN000792,2021-02-24,183600.0,171771.33,6.836,360,28,332,689.0,82.5,39.4,GA,Condo,Investment,0.0025,0,Current
LN000793,2020-06-23,447400.0,390257.89,5.447,360,59,301,698.0,83.8,43.4,AZ,Single Family,Primary,0.0025,0,Current
LN000794,2025-04-18,519400.0,472196.23,6.277,360,35,325,688.0,62.0,39.6,GA,Condo,Primary,0.0025,90,90 DPD
LN000795,2023-11-24,166200.0,127790.04,6.199,240,63,177,670.0,66.1,33.3,CO,Single Family,Primary,0.00275,90,90 DPD
LN000796,2020-03-24,479400.0,395223.86,5.83,360,72,288,699.0,68.2,25.2,TN,Single Family,Primary,0.003,0,Current
LN000797,2020-05-04,416100.0,391960.93,6.31,360,23,337,746.0,75.3,19.2,WA,Condo,Primary,0.00275,0,Current
LN000798,2024-03-20,201600.0,195831.45,5.86,360,12,348,729.0,57.5,34.5,AZ,Single Family,Primary,0.0025,0,Current
LN000799,2020-04-08,236300.0,180898.41,7.143,180,45,135,701.0,66.3,19.1,NC,Single Family,Investment,0.003,0,Current
LN000800,2019-11-10,434000.0,369934.44,5.843,360,70,290,807.0,60.8,33.4,WA,Single Family,Primary,0.0025,0,Current
LN000801,2024-05-09,298200.0,251637.53,6.765,360,54,306,614.0,80.4,46.2,NC,2-4 Unit,Second Home,0.0025,0,Current
LN000802,2020-01-20,619200.0,518472.46,5.174,360,57,303,742.0,75.7,25.8,TX,Condo,Investment,0.0025,0,Current
LN000803,2019-10-22,559400.0,477728.17,6.145,240,34,206,717.0,70.9,24.7,AZ,Single Family,Investment,0.0025,30,30 DPD
LN000804,2022-05-23,641800.0,601960.22,6.258,360,26,334,672.0,64.3,40.1,GA,Single Family,Investment,0.00275,0,Current
LN000805,2021-01-31,279800.0,269902.9,6.124,360,14,346,745.0,71.1,18.0,FL,Single Family,Primary,0.0025,0,Current
LN000806,2022-01-03,634900.0,539868.81,5.992,360,52,308,713.0,69.8,38.1,NC,Townhome,Investment,0.0025,0,Current
LN000807,2025-07-19,365600.0,316880.67,5.816,360,47,313,794.0,94.0,46.7,WA,Condo,Primary,0.0025,0,Current
LN000808,2023-10-04,323800.0,274082.21,6.74,360,56,304,773.0,87.0,28.0,WA,Single Family,Primary,0.0025,0,Current
LN000809,2024-12-29,175200.0,149307.3,6.9,360,61,299,820.0,68.4,26.6,FL,Single Family,Primary,0.0025,0,Current
LN000810,2022-05-07,176400.0,151174.36,6.197,360,56,304,698.0,77.8,39.7,TX,Single Family,Primary,0.0025,0,Current
LN000811,2024-04-26,496000.0,461973.24,5.537,360,25,335,802.0,86.4,25.6,WA,Condo,Primary,0.0025,0,Current
LN000812,2025-09-19,379000.0,322948.18,7.416,180,32,148,661.0,68.4,41.5,VA,Condo,Primary,0.0025,0,Current
LN000813,2019-08-16,263300.0,233802.21,5.678,360,43,317,719.0,60.4,26.3,TX,Single Family,Primary,0.00275,0,Current
LN000814,2020-02-15,457000.0,323924.23,5.301,240,70,170,699.0,56.2,49.1,WA,Single Family,Primary,0.003,0,Current
LN000815,2020-11-21,276400.0,232811.76,4.942,360,59,301,758.0,90.0,40.3,TN,Single Family,Primary,0.003,30,30 DPD
LN000816,2021-05-27,438800.0,407204.59,6.315,360,29,331,757.0,73.9,35.3,AZ,2-4 Unit,Primary,0.00275,0,Current
LN000817,2021-02-25,329600.0,285543.57,6.109,360,52,308,675.0,79.2,48.7,GA,Single Family,Primary,0.0025,0,Current
LN000818,2024-10-10,561800.0,450736.85,6.92,360,68,292,761.0,69.7,43.3,FL,Condo,Primary,0.00275,0,Current
LN000819,2022-09-12,560300.0,470501.07,6.647,360,62,298,704.0,62.1,37.9,CO,Condo,Primary,0.0025,0,Current
LN000820,2023-10-06,388700.0,324844.02,6.439,360,60,300,680.0,64.1,20.1,CA,Single Family,Primary,0.0025,0,Current
LN000821,2024-06-09,325400.0,268528.4,6.074,360,65,295,724.0,61.2,29.4,VA,Single Family,Investment,0.0025,0,Current
LN000822,2021-05-28,331300.0,272080.16,6.971,360,67,293,644.0,85.3,43.7,CO,Single Family,Primary,0.00275,0,Current
LN000823,2023-05-27,552900.0,449164.06,7.464,180,35,145,776.0,92.4,24.6,CA,Single Family,Primary,0.0025,0,Current
LN000824,2023-06-02,314100.0,293220.45,6.906,360,27,333,722.0,76.4,28.9,FL,Townhome,Primary,0.0025,0,Current
LN000825,2025-07-31,254500.0,233053.83,5.949,360,34,326,723.0,59.3,26.8,AZ,Condo,Primary,0.0025,0,Current
LN000826,2019-03-12,192300.0,170422.4,6.758,360,46,314,720.0,81.5,38.2,TN,Single Family,Second Home,0.0025,0,Current
LN000827,2025-04-29,383300.0,345269.3,5.989,360,47,313,816.0,89.9,42.7,CA,Single Family,Primary,0.003,0,Current
LN000828,2019-11-02,391100.0,328564.88,5.532,360,70,290,809.0,86.7,42.7,CA,2-4 Unit,Primary,0.0025,0,Current
LN000829,2021-01-31,570500.0,525067.14,5.666,360,36,324,799.0,75.7,28.2,NC,Townhome,Primary,0.0025,0,Current
LN000830,2020-08-10,260600.0,234860.2,6.017,360,35,325,720.0,73.4,38.1,FL,Single Family,Primary,0.003,0,Current
LN000831,2024-10-22,340500.0,313334.78,6.318,240,23,217,664.0,75.6,27.8,TX,2-4 Unit,Primary,0.0025,0,Current
LN000832,2024-12-29,554200.0,527392.54,7.589,360,22,338,724.0,89.5,33.3,FL,Single Family,Primary,0.0025,0,Current
LN000833,2023-05-28,561800.0,509061.04,5.677,360,43,317,742.0,84.4,39.2,TX,Single Family,Primary,0.0025,0,Current
LN000834,2019-04-12,342300.0,324956.86,7.11,360,19,341,770.0,71.8,43.5,TX,Condo,Primary,0.0025,0,Current
LN000835,2023-06-18,379600.0,331241.78,6.044,360,61,299,742.0,71.5,18.0,FL,Townhome,Primary,0.00275,0,Current
LN000836,2023-05-24,301600.0,281436.73,4.939,360,27,333,669.0,70.7,35.8,FL,Condo,Investment,0.00275,0,Current
LN000837,2019-07-12,616300.0,422618.77,5.921,180,72,108,696.0,64.3,46.3,TN,Single Family,Investment,0.003,0,Current
LN000838,2021-12-21,209300.0,173661.54,7.015,360,61,299,691.0,90.9,36.9,CA,Single Family,Primary,0.0025,0,Current
LN000839,2025-09-23,616900.0,574229.64,6.474,360,24,336,755.0,67.3,35.7,GA,Townhome,Primary,0.0025,0,Current
LN000840,2019-10-27,491900.0,403996.33,6.513,360,62,298,756.0,81.4,30.5,GA,Single Family,Primary,0.0025,0,Current
LN000841,2020-03-29,415800.0,315899.72,7.114,180,49,131,763.0,68.7,46.0,CO,Single Family,Primary,0.00275,0,Current
LN000842,2020-09-10,166300.0,148868.91,5.576,360,40,320,742.0,70.8,30.9,GA,Single Family,Primary,0.0025,0,Current
LN000843,2020-09-28,387800.0,375779.35,5.566,180,6,174,612.0,74.7,34.2,TX,Single Family,Investment,0.0025,0,Current
LN000844,2025-06-06,353900.0,305990.13,4.779,360,57,303,630.0,82.0,31.2,WA,Single Family,Investment,0.0025,0,Current
LN000845,2021-02-17,230600.0,206838.46,6.82,360,42,318,717.0,73.1,35.9,TX,Townhome,Primary,0.0025,0,Current
LN000846,2023-01-19,478200.0,406668.19,6.616,360,70,290,730.0,63.5,46.4,FL,Single Family,Primary,0.0025,0,Current
LN000847,2025-02-27,635600.0,488967.76,6.721,240,56,184,794.0,76.2,27.8,CO,Single Family,Second Home,0.0025,0,Current
LN000848,2025-06-07,431100.0,425192.2,5.481,360,6,354,729.0,67.6,35.9,WA,Single Family,Primary,0.0025,0,Current
LN000849,2024-08-06,507400.0,474852.95,5.207,360,26,334,671.0,93.0,38.1,AZ,Townhome,Primary,0.0025,0,Current
LN000850,2023-07-06,184200.0,157663.53,5.392,360,58,302,761.0,73.1,28.5,GA,Condo,Primary,0.00275,0,Current
LN000851,2019-12-03,358800.0,339581.79,5.65,360,21,339,724.0,68.7,34.5,CO,Single Family,Primary,0.0025,0,Current
LN000852,2024-09-10,208200.0,132213.99,7.26,180,66,114,703.0,97.7,49.8,NC,Townhome,Primary,0.0025,0,Current
LN000853,2024-06-17,456400.0,384775.25,6.9,360,59,301,636.0,84.1,20.9,TX,Townhome,Primary,0.0025,0,Current
LN000854,2024-06-30,619200.0,545753.68,5.952,360,45,315,730.0,66.1,31.6,TN,Townhome,Investment,0.0025,0,Current
LN000855,2023-11-18,480900.0,443297.98,6.445,360,31,329,738.0,67.3,37.0,TX,Townhome,Primary,0.00275,0,Current
LN000856,2021-12-07,188400.0,159870.45,5.809,360,70,290,670.0,81.2,32.0,TX,Single Family,Primary,0.0025,0,Current
LN000857,2024-07-24,327300.0,272684.93,6.487,360,69,291,766.0,76.5,58.0,CO,Condo,Primary,0.003,0,Current
LN000858,2022-06-27,425300.0,366484.13,5.51,360,48,312,761.0,85.8,39.4,FL,Single Family,Primary,0.0025,0,Current
LN000859,2022-06-03,351600.0,317801.55,6.738,240,22,218,728.0,68.7,26.6,AZ,Townhome,Primary,0.00275,0,Current
LN000860,2022-07-19,566800.0,469144.19,5.698,360,64,296,726.0,83.7,18.0,CO,Condo,Primary,0.00275,0,Current
LN000861,2019-11-24,557300.0,521832.3,6.774,360,28,332,777.0,51.4,37.7,VA,Townhome,Investment,0.0025,0,Current
LN000862,2021-03-07,455900.0,444037.98,5.972,360,12,348,745.0,74.3,29.0,FL,Condo,Primary,0.0025,0,Current
LN000863,2022-04-18,336700.0,296626.12,5.736,360,49,311,686.0,69.2,45.3,AZ,Single Family,Investment,0.0025,0,Current
LN000864,2020-10-26,277700.0,232647.53,7.298,360,58,302,714.0,71.0,32.8,FL,Single Family,Primary,0.0025,0,Current
LN000865,2021-08-20,202900.0,171031.33,6.365,240,39,201,756.0,74.9,30.5,FL,2-4 Unit,Primary,0.0025,0,Current
LN000866,2023-06-18,327400.0,233229.66,6.041,180,51,129,613.0,88.5,30.3,AZ,Townhome,Primary,0.0025,0,Current
LN000867,2022-10-25,356600.0,317712.0,6.743,180,21,159,674.0,63.3,42.9,TX,Single Family,Primary,0.00275,0,Current
LN000868,2022-06-22,487900.0,449399.88,5.379,240,24,216,763.0,51.9,38.3,TX,Single Family,Primary,0.0025,0,Current
LN000869,2022-03-29,479100.0,471792.3,6.969,360,7,353,791.0,64.6,49.0,TN,Single Family,Primary,0.00275,0,Current
LN000870,2020-01-08,185100.0,179204.56,6.159,360,15,345,781.0,87.2,33.3,WA,Condo,Primary,0.0025,0,Current
LN000871,2019-10-12,347600.0,298736.3,6.641,360,55,305,774.0,57.9,41.9,CA,Townhome,Investment,0.0025,0,Current
LN000872,2026-01-12,240900.0,231539.21,5.244,360,17,343,732.0,69.7,42.0,CA,Single Family,Investment,0.003,30,30 DPD
LN000873,2021-03-17,228400.0,211778.5,6.001,360,27,333,668.0,85.2,40.4,GA,Single Family,Investment,0.0025,0,Current
LN000874,2020-10-08,563700.0,508320.59,6.253,360,37,323,714.0,75.4,30.9,FL,Townhome,Primary,0.0025,0,Current
LN000875,2023-05-24,171000.0,166181.03,6.92,180,6,174,615.0,88.4,38.8,CO,Condo,Second Home,0.0025,0,Current
LN000876,2024-12-23,359600.0,312273.25,6.692,360,59,301,797.0,53.6,34.2,TX,Single Family,Primary,0.003,0,Current
LN000877,2019-04-06,234100.0,202115.85,5.995,360,63,297,680.0,72.5,34.0,NC,Single Family,Primary,0.0025,0,Current
LN000878,2019-10-01,589700.0,553109.97,6.457,360,23,337,696.0,90.7,28.6,GA,Single Family,Primary,0.0025,0,Current
LN000879,2022-04-15,428500.0,416910.91,7.067,360,11,349,783.0,63.6,18.0,CO,Single Family,Primary,0.0025,60,60 DPD
LN000880,2023-11-08,265700.0,234441.17,6.12,360,50,310,636.0,87.4,45.0,TX,Single Family,Primary,0.0025,0,Current
LN000881,2021-02-22,401200.0,354065.88,6.049,240,28,212,660.0,73.4,38.5,TX,Condo,Primary,0.0025,0,Current
LN000882,2022-07-24,515700.0,478474.55,5.022,360,28,332,740.0,80.8,24.3,GA,Townhome,Second Home,0.0025,0,Current
LN000883,2019-05-12,629100.0,580052.18,6.069,360,31,329,754.0,89.9,40.7,CO,Condo,Primary,0.0025,0,Current
LN000884,2022-10-22,260200.0,243321.45,5.119,180,12,168,721.0,80.7,45.1,TX,Condo,Primary,0.00275,0,Current
LN000885,2025-08-17,593100.0,512802.38,6.176,360,49,311,723.0,69.5,41.2,VA,Single Family,Primary,0.00275,0,Current
LN000886,2022-02-23,617200.0,564761.48,6.892,360,32,328,795.0,82.2,27.9,TX,Single Family,Investment,0.0025,0,Current
LN000887,2023-12-16,608200.0,562007.11,4.872,360,31,329,760.0,68.7,29.1,GA,Single Family,Primary,0.0025,0,Current
LN000888,2024-07-23,467700.0,421689.53,7.052,360,41,319,753.0,79.0,30.6,TX,Single Family,Primary,0.0025,0,Current
LN000889,2021-03-18,464900.0,388850.15,6.035,360,60,300,768.0,62.2,41.9,CO,Condo,Second Home,0.0025,0,Current
LN000890,2021-01-13,351600.0,290586.97,6.232,360,69,291,708.0,76.3,38.8,TX,2-4 Unit,Second Home,0.0025,0,Current
LN000891,2019-02-20,526200.0,439082.36,5.923,360,62,298,820.0,89.1,57.3,NC,Single Family,Primary,0.0025,0,Current
LN000892,2022-03-27,415600.0,338102.26,5.136,360,66,294,598.0,72.7,21.9,TN,Single Family,Primary,0.0025,30,30 DPD
LN000893,2019-02-25,488700.0,478962.15,5.741,360,7,353,805.0,88.0,34.6,VA,Townhome,Primary,0.003,0,Current
LN000894,2021-01-13,364200.0,313617.8,7.613,360,60,300,775.0,98.0,19.6,FL,Single Family,Primary,0.0025,0,Current
LN000895,2025-10-11,515700.0,466029.81,5.538,360,43,317,739.0,75.7,39.8,GA,Single Family,Primary,0.00275,30,30 DPD
LN000896,2020-03-18,562200.0,474230.91,5.217,180,34,146,729.0,82.8,43.5,TX,Condo,Investment,0.0025,0,Current
LN000897,2024-04-18,223200.0,204452.59,6.342,360,31,329,716.0,81.2,46.5,CA,Single Family,Primary,0.0025,0,Current
LN000898,2025-07-01,566500.0,512303.74,6.194,360,40,320,786.0,78.5,36.5,TN,Single Family,Primary,0.0025,0,Current
LN000899,2023-07-20,420100.0,352714.55,6.04,360,72,288,723.0,84.7,19.7,CO,Single Family,Primary,0.00275,0,Current
LN000900,2019-03-21,572300.0,530166.75,6.259,360,34,326,685.0,73.3,34.6,CO,Townhome,Primary,0.0025,60,60 DPD
LN000901,2025-11-26,365700.0,332096.68,6.669,360,39,321,775.0,68.7,38.5,TX,Single Family,Primary,0.0025,0,Current
LN000902,2020-01-12,339500.0,305192.88,5.868,360,46,314,812.0,59.2,27.0,CO,Single Family,Primary,0.0025,0,Current
LN000903,2025-07-08,607500.0,545639.7,6.376,360,46,314,619.0,72.2,32.9,TX,Condo,Primary,0.0025,0,Current
LN000904,2020-03-16,275600.0,255125.5,6.916,360,28,332,820.0,85.9,24.8,GA,Single Family,Primary,0.0025,0,Current
LN000905,2019-05-06,572100.0,562489.74,5.603,360,8,352,668.0,65.7,30.1,FL,Condo,Primary,0.0025,0,Current
LN000906,2023-09-14,392000.0,338130.75,4.75,360,63,297,672.0,78.7,42.3,TN,Single Family,Primary,0.0025,0,Current
LN000907,2019-08-07,407000.0,365031.0,6.686,360,37,323,657.0,74.6,40.4,VA,2-4 Unit,Investment,0.0025,0,Current
LN000908,2021-08-05,304200.0,273674.31,7.877,360,36,324,725.0,69.2,23.8,CA,Single Family,Primary,0.0025,0,Current
LN000909,2019-10-05,436500.0,337702.82,6.245,180,48,132,655.0,55.6,29.4,TX,Single Family,Primary,0.0025,30,30 DPD
LN000910,2020-08-17,312600.0,304510.06,6.381,360,12,348,661.0,91.0,35.5,CA,Single Family,Primary,0.0025,0,Current
LN000911,2021-07-23,169600.0,166882.19,6.058,360,6,354,687.0,81.7,36.8,GA,Single Family,Primary,0.0025,0,Current
LN000912,2024-07-11,286000.0,241010.13,7.282,360,66,294,733.0,98.0,29.7,CA,Townhome,Primary,0.0025,0,Current
LN000913,2019-05-21,153200.0,147025.55,6.199,360,19,341,738.0,87.9,38.8,GA,2-4 Unit,Primary,0.0025,0,Current
LN000914,2023-06-19,639200.0,558503.06,6.129,360,57,303,793.0,90.7,34.7,FL,Single Family,Investment,0.003,0,Current
LN000915,2021-05-26,632900.0,617599.98,6.842,360,11,349,792.0,56.8,18.0,AZ,Single Family,Primary,0.0025,0,Current
LN000916,2023-09-26,347600.0,334177.79,5.935,360,15,345,781.0,56.6,30.4,FL,Condo,Primary,0.0025,90,90 DPD
LN000917,2019-04-20,514200.0,463236.73,5.415,360,35,325,711.0,76.5,30.2,CA,Townhome,Primary,0.0025,0,Current
LN000918,2021-12-11,322900.0,288341.68,6.823,240,26,214,624.0,63.4,40.4,WA,Single Family,Second Home,0.0025,0,Current
LN000919,2024-06-16,485500.0,405382.97,5.865,360,65,295,623.0,68.5,40.6,VA,Single Family,Primary,0.0025,0,Current
LN000920,2022-05-07,552700.0,461179.07,5.616,360,68,292,781.0,98.0,21.6,TX,Single Family,Primary,0.0025,0,Current
LN000921,2021-03-06,623400.0,547252.83,7.615,360,47,313,771.0,89.1,38.5,TN,Condo,Primary,0.003,0,Current
LN000922,2024-07-22,350100.0,302003.99,6.134,360,56,304,691.0,65.7,34.4,FL,Single Family,Primary,0.00275,0,Current
LN000923,2020-12-29,541600.0,456080.98,6.571,360,69,291,646.0,50.0,36.0,TN,Single Family,Second Home,0.003,0,Current
LN000924,2025-12-27,283000.0,237264.6,6.269,360,61,299,667.0,64.8,30.1,VA,Single Family,Primary,0.0025,0,Current
LN000925,2023-03-18,645200.0,561770.68,5.674,360,46,314,735.0,69.9,34.5,FL,Townhome,Primary,0.00275,0,Current
LN000926,2021-11-06,162900.0,134040.58,6.698,180,37,143,735.0,72.5,44.2,CO,Single Family,Investment,0.0025,0,Current
LN000927,2019-11-11,451800.0,426638.22,6.454,360,20,340,782.0,61.9,35.9,CA,Single Family,Second Home,0.0025,0,Current
LN000928,2019-03-18,479800.0,401279.73,5.821,360,67,293,700.0,88.4,34.7,AZ,Single Family,Investment,0.0025,0,Current
LN000929,2023-06-29,494000.0,455779.73,6.532,360,32,328,712.0,68.2,31.2,GA,Condo,Primary,0.0025,0,Current
LN000930,2020-12-12,210200.0,180970.04,5.916,180,33,147,787.0,83.1,43.4,TX,Single Family,Primary,0.0025,0,Current
LN000931,2023-03-18,619300.0,505516.92,5.532,360,69,291,608.0,76.6,24.8,TX,Single Family,Primary,0.0025,0,Current
LN000932,2024-02-11,240600.0,155716.26,5.466,180,64,116,742.0,86.3,28.6,VA,Single Family,Primary,0.0025,0,Current
LN000933,2021-05-03,461400.0,384767.58,6.426,360,63,297,707.0,73.4,24.3,WA,Single Family,Primary,0.003,0,Current
LN000934,2022-03-07,261300.0,253217.33,6.001,180,7,173,764.0,65.8,36.6,AZ,Single Family,Primary,0.0025,0,Current
LN000935,2023-05-17,303600.0,276596.04,7.226,360,41,319,753.0,69.4,44.4,TX,Condo,Primary,0.0025,0,Current
LN000936,2024-03-27,423200.0,403693.49,6.222,360,18,342,687.0,69.6,32.4,CA,Townhome,Primary,0.0025,0,Current
LN000937,2019-09-22,358600.0,341258.6,5.74,360,20,340,697.0,98.0,26.4,CO,Single Family,Second Home,0.00275,0,Current
LN000938,2019-11-29,230100.0,193592.46,6.353,360,65,295,598.0,76.8,48.1,TN,Townhome,Primary,0.0025,0,Current
LN000939,2025-02-13,235500.0,207937.49,5.409,240,27,213,766.0,76.1,38.6,TX,Single Family,Investment,0.0025,0,Current
LN000940,2021-12-22,359100.0,293496.4,6.195,360,68,292,738.0,85.7,37.2,AZ,Single Family,Primary,0.00275,0,Current
LN000941,2021-03-30,528600.0,490120.73,6.457,360,30,330,802.0,76.0,33.5,CA,Single Family,Primary,0.0025,0,Current
LN000942,2022-07-26,599000.0,532355.13,6.377,360,53,307,703.0,88.3,40.4,AZ,Single Family,Primary,0.0025,0,Current
LN000943,2023-04-15,192100.0,153156.02,7.097,180,48,132,775.0,71.9,37.1,GA,Townhome,Primary,0.00275,0,Current
LN000944,2022-04-09,346600.0,307045.27,7.938,360,43,317,666.0,70.8,31.1,VA,Condo,Primary,0.0025,0,Current
LN000945,2023-03-07,200100.0,174497.87,6.686,360,46,314,580.0,65.2,32.5,TX,Townhome,Primary,0.00275,0,Current
LN000946,2019-10-26,158300.0,137142.53,7.016,360,50,310,720.0,96.4,26.8,CO,Single Family,Primary,0.0025,0,Current
LN000947,2025-02-26,480900.0,402293.92,7.903,240,45,195,694.0,75.2,25.8,TX,Single Family,Primary,0.003,0,Current
LN000948,2022-03-04,451200.0,430262.45,5.596,360,22,338,667.0,63.1,32.6,TN,Single Family,Primary,0.003,0,Current
LN000949,2019-09-29,231500.0,190026.99,6.335,360,62,298,774.0,78.2,44.2,TN,Single Family,Primary,0.0025,0,Current
LN000950,2020-06-18,266900.0,261472.07,5.939,360,7,353,791.0,68.8,26.7,GA,Single Family,Investment,0.0025,0,Current
LN000951,2024-09-09,161900.0,134335.52,6.798,360,67,293,731.0,71.7,41.7,GA,Single Family,Second Home,0.003,0,Current
LN000952,2022-02-18,567500.0,550480.02,6.427,360,14,346,715.0,79.4,28.6,GA,Single Family,Primary,0.0025,0,Current
LN000953,2019-03-10,637300.0,601769.78,5.718,360,22,338,728.0,92.7,20.7,TX,Single Family,Primary,0.0025,30,30 DPD
LN000954,2021-04-06,217700.0,183851.53,6.257,360,55,305,689.0,77.1,39.4,TN,Condo,Primary,0.0025,0,Current
LN000955,2022-03-15,265700.0,234015.42,6.93,360,45,315,756.0,68.2,48.0,FL,2-4 Unit,Investment,0.00275,0,Current
LN000956,2021-09-10,584200.0,485441.32,5.403,360,63,297,640.0,70.4,28.2,FL,Townhome,Primary,0.00275,0,Current
LN000957,2020-04-25,613200.0,561684.14,5.732,240,26,214,666.0,83.2,22.4,AZ,Condo,Primary,0.0025,0,Current
LN000958,2025-05-29,359800.0,341825.06,5.634,360,23,337,681.0,54.5,38.6,CO,Single Family,Investment,0.0025,0,Current
LN000959,2024-07-08,175300.0,152271.29,6.462,360,60,300,755.0,64.5,27.6,TX,Condo,Primary,0.00275,0,Current
LN000960,2022-12-23,169700.0,153331.19,7.056,360,34,326,708.0,78.3,39.3,NC,Townhome,Second Home,0.00275,60,60 DPD
LN000961,2024-11-03,437000.0,405044.51,4.944,360,29,331,800.0,57.2,44.2,CO,Single Family,Primary,0.0025,0,Current
LN000962,2021-11-05,346400.0,304592.61,6.311,180,22,158,769.0,72.6,37.6,GA,Single Family,Primary,0.003,0,Current
LN000963,2020-09-19,164300.0,156064.23,5.649,360,23,337,681.0,70.7,41.5,TX,Townhome,Primary,0.0025,90,90 DPD
LN000964,2019-04-28,441600.0,382315.49,6.904,360,47,313,760.0,85.7,41.5,FL,Single Family,Investment,0.0025,30,30 DPD
LN000965,2025-05-06,155700.0,134154.09,6.096,360,50,310,703.0,73.2,42.9,CA,Single Family,Second Home,0.00275,0,Current
LN000966,2019-06-11,543700.0,516540.01,6.335,360,22,338,751.0,89.1,35.4,CA,Single Family,Primary,0.0025,0,Current
LN000967,2023-08-04,303200.0,278902.51,6.249,240,19,221,772.0,76.9,41.2,NC,Single Family,Primary,0.0025,0,Current
LN000968,2019-06-16,170100.0,148947.23,6.981,360,54,306,786.0,95.5,36.3,CA,Single Family,Primary,0.0025,0,Current
LN000969,2019-10-27,444200.0,376102.99,7.582,180,34,146,736.0,60.7,38.1,AZ,Single Family,Investment,0.00275,0,Current
LN000970,2024-09-06,348800.0,341568.74,5.512,360,9,351,813.0,93.8,58.0,FL,Single Family,Primary,0.003,0,Current
LN000971,2020-07-15,636900.0,591654.16,5.631,360,25,335,749.0,71.5,36.9,GA,Single Family,Primary,0.0025,60,60 DPD
LN000972,2025-01-12,422100.0,359625.41,6.459,360,52,308,732.0,92.2,23.0,WA,Townhome,Primary,0.0025,0,Current
LN000973,2022-09-09,287600.0,278107.78,5.719,360,14,346,708.0,89.0,33.4,NC,Single Family,Second Home,0.0025,0,Current
LN000974,2022-02-18,504700.0,461559.13,6.857,360,32,328,690.0,45.0,32.5,TX,Single Family,Primary,0.00275,0,Current
LN000975,2023-04-01,285700.0,270578.16,6.961,360,20,340,748.0,81.3,32.9,CO,Single Family,Primary,0.0025,0,Current
LN000976,2020-07-14,602100.0,562282.37,5.895,360,24,336,731.0,87.0,42.6,CA,Townhome,Primary,0.0025,0,Current
LN000977,2022-04-02,337400.0,292581.74,5.754,360,57,303,739.0,90.6,44.0,GA,Single Family,Second Home,0.0025,0,Current
LN000978,2023-08-17,424900.0,391858.96,6.071,360,31,329,751.0,63.1,34.2,CO,Single Family,Primary,0.0025,0,Current
LN000979,2019-11-08,175300.0,160954.92,6.318,360,31,329,739.0,82.5,23.9,FL,Townhome,Primary,0.0025,0,Current
LN000980,2025-08-20,363100.0,339403.5,6.455,360,31,329,820.0,78.1,35.8,GA,Townhome,Investment,0.0025,0,Current
LN000981,2022-10-01,566200.0,427751.19,4.786,180,51,129,696.0,80.7,30.7,CA,Single Family,Primary,0.00275,0,Current
LN000982,2025-01-06,552800.0,473299.08,5.621,360,54,306,749.0,87.0,36.7,VA,Townhome,Primary,0.0025,0,Current
LN000983,2024-03-26,262200.0,209874.54,5.987,240,58,182,712.0,88.7,34.0,TX,Single Family,Primary,0.0025,0,Current
LN000984,2020-08-03,263000.0,256937.49,5.732,360,8,352,590.0,68.8,44.7,CO,Single Family,Second Home,0.0025,0,Current
LN000985,2021-09-03,558700.0,391423.86,4.75,180,71,109,714.0,78.9,37.2,NC,Single Family,Primary,0.0025,0,Current
LN000986,2019-06-26,615200.0,531876.24,5.023,360,47,313,673.0,76.5,30.7,FL,Single Family,Investment,0.0025,0,Current
LN000987,2025-07-29,197700.0,186957.92,5.402,360,24,336,721.0,73.4,23.9,NC,Condo,Primary,0.0025,0,Current
LN000988,2020-05-28,375000.0,357476.85,6.175,360,22,338,724.0,74.4,34.6,FL,Single Family,Primary,0.0025,0,Current
LN000989,2025-06-14,318700.0,290517.89,5.966,360,38,322,746.0,78.2,34.6,TX,Single Family,Primary,0.00275,0,Current
LN000990,2019-04-29,585300.0,498744.25,5.839,360,54,306,696.0,69.4,32.9,VA,Condo,Investment,0.0025,0,Current
LN000991,2023-03-23,191800.0,160089.23,6.768,360,61,299,703.0,85.7,41.2,VA,Condo,Primary,0.0025,0,Current
LN000992,2021-02-05,255600.0,216365.16,6.767,360,68,292,764.0,90.0,23.9,NC,Single Family,Second Home,0.0025,0,Current
LN000993,2021-08-30,526200.0,507279.32,6.347,180,8,172,681.0,67.0,28.9,CA,Single Family,Primary,0.0025,0,Current
LN000994,2021-07-04,175600.0,150767.33,6.328,360,54,306,624.0,90.5,35.4,GA,Single Family,Primary,0.0025,0,Current
LN000995,2025-11-30,396300.0,337685.59,5.693,360,60,300,734.0,67.0,30.5,CA,Condo,Primary,0.003,0,Current
LN000996,2022-12-08,371100.0,339537.64,5.771,360,31,329,784.0,85.9,32.1,CO,Condo,Investment,0.0025,0,Current
LN000997,2020-08-09,317200.0,260153.34,5.14,240,57,183,763.0,90.5,34.5,TN,2-4 Unit,Primary,0.0025,0,Current
LN000998,2019-12-17,347300.0,336497.54,6.087,360,12,348,735.0,75.0,40.5,TX,Single Family,Primary,0.003,0,Current
LN000999,2023-03-10,415000.0,358019.02,6.761,360,51,309,794.0,67.1,34.2,WA,Single Family,Primary,0.0025,30,30 DPD
LN001000,2025-02-20,230700.0,196448.22,7.13,360,51,309,785.0,69.5,19.2,FL,Single Family,Investment,0.00275,0,Current
